/* ql_compose_data.h -- GENERATED by tools/tilecompose.py --gen: do not edit.
 * QL_TILE_COMPOSE: per screen, the cells whose dropped graphics are put back (see the tool),
 * and the composite tile graphics (CPC Mode 1, 32 bytes each). 644 cells composed, 237 left as
 * the CPC has them, 182 composites. Made from build/roms.bin by build_hybrid.sh (tilecompose.py
 * --gen, rewritten only when it changes); tools/regress.sh checks it is in sync (--sync). */
#define QL_COMPOSE_NSCREENS 116
#define QL_COMPOSE_NGFX 182
/* cell, the CPC's (t0 t1 x0 y0 x1 y1) the patch expects, the new (t0 t1 x0 y0 x1 y1), the
 * composite graphics of the new t0 and t1 (index + 1, 0 = a ROM tile) */
static const unsigned short qlComposeFirst[QL_COMPOSE_NSCREENS + 1] = {
	0, 3, 14, 14, 22, 41, 45, 52, 58, 70, 74, 77, 78, 85, 94, 94,
	113, 126, 133, 139, 153, 170, 183, 188, 193, 204, 211, 217, 223, 231, 241, 241,
	257, 261, 268, 271, 275, 276, 280, 286, 288, 288, 288, 296, 302, 305, 315, 321,
	331, 340, 355, 359, 360, 372, 375, 376, 376, 376, 378, 378, 378, 382, 388, 397,
	405, 434, 447, 466, 478, 484, 493, 504, 511, 518, 519, 524, 547, 548, 561, 564,
	564, 564, 564, 564, 564, 564, 564, 564, 564, 564, 564, 564, 564, 564, 564, 564,
	564, 564, 564, 564, 564, 567, 575, 578, 583, 589, 596, 601, 603, 614, 619, 621,
	628, 633, 635, 636, 644,
};
static const unsigned char qlComposePatch[644][16] = {
	{ 0x00, 0x41, 0x6a, 0xac, 0x00, 0x00, 0x00, 0x00, 0x0b, 0xac, 0x00, 0x00, 0x00, 0x00, 0x01, 0x00 },	/* screen 00 r4 c1 */
	{ 0x00, 0x7a, 0x6a, 0x7f, 0x12, 0x0e, 0x12, 0x0e, 0x0b, 0x7f, 0x12, 0x0e, 0x12, 0x0e, 0x01, 0x00 },	/* screen 00 r7 c10 */
	{ 0x00, 0x95, 0x45, 0x34, 0x11, 0x17, 0x11, 0x17, 0x0c, 0x34, 0x11, 0x17, 0x11, 0x17, 0x02, 0x00 },	/* screen 00 r9 c5 */
	{ 0x00, 0x3a, 0x32, 0xee, 0x0c, 0x0c, 0x14, 0x11, 0x0b, 0xee, 0x00, 0x00, 0x14, 0x11, 0x03, 0x00 },	/* screen 01 r3 c10 */
	{ 0x00, 0x4a, 0x33, 0x9b, 0x0c, 0x0c, 0x14, 0x11, 0x0c, 0x9b, 0x0c, 0x0c, 0x14, 0x11, 0x04, 0x00 },	/* screen 01 r4 c10 */
	{ 0x00, 0x59, 0x4d, 0x9a, 0x00, 0x00, 0x12, 0x10, 0x0d, 0x9a, 0x00, 0x00, 0x12, 0x10, 0x05, 0x00 },	/* screen 01 r5 c9 */
	{ 0x00, 0x5a, 0x34, 0x97, 0x0c, 0x0c, 0x14, 0x10, 0x0e, 0x97, 0x0c, 0x0c, 0x14, 0x10, 0x06, 0x00 },	/* screen 01 r5 c10 */
	{ 0x00, 0x6b, 0x4e, 0x34, 0x00, 0x00, 0x0c, 0x0c, 0x0f, 0x34, 0x00, 0x00, 0x0c, 0x0c, 0x07, 0x00 },	/* screen 01 r6 c11 */
	{ 0x00, 0x7c, 0x4e, 0x34, 0x00, 0x00, 0x0c, 0x0c, 0x0f, 0x34, 0x00, 0x00, 0x0c, 0x0c, 0x07, 0x00 },	/* screen 01 r7 c12 */
	{ 0x00, 0x7d, 0x33, 0x9b, 0x0c, 0x0c, 0x14, 0x11, 0x0c, 0x9b, 0x0c, 0x0c, 0x14, 0x11, 0x04, 0x00 },	/* screen 01 r7 c13 */
	{ 0x00, 0x8d, 0x34, 0x97, 0x0c, 0x0c, 0x1a, 0x10, 0x0e, 0x97, 0x0c, 0x0c, 0x1a, 0x10, 0x06, 0x00 },	/* screen 01 r8 c13 */
	{ 0x00, 0x9e, 0x4e, 0x34, 0x00, 0x00, 0x0c, 0x0c, 0x0f, 0x34, 0x00, 0x00, 0x0c, 0x0c, 0x07, 0x00 },	/* screen 01 r9 c14 */
	{ 0x00, 0xaf, 0x4e, 0x34, 0x00, 0x00, 0x0c, 0x0c, 0x12, 0x34, 0x00, 0x00, 0x0c, 0x0c, 0x08, 0x00 },	/* screen 01 r10 c15 */
	{ 0x00, 0xfc, 0x44, 0xcf, 0x00, 0x00, 0x20, 0x16, 0x13, 0xcf, 0x00, 0x00, 0x20, 0x16, 0x09, 0x00 },	/* screen 01 r15 c12 */
	{ 0x00, 0x27, 0x29, 0x23, 0x0f, 0x0f, 0x10, 0x10, 0x0b, 0x23, 0x00, 0x00, 0x10, 0x10, 0x0a, 0x00 },	/* screen 03 r2 c7 */
	{ 0x00, 0x36, 0x29, 0x23, 0x0f, 0x0f, 0x10, 0x10, 0x0b, 0x23, 0x00, 0x00, 0x10, 0x10, 0x0a, 0x00 },	/* screen 03 r3 c6 */
	{ 0x00, 0x45, 0x45, 0x22, 0x00, 0x00, 0x0f, 0x13, 0x0c, 0x22, 0x00, 0x00, 0x0f, 0x13, 0x0b, 0x00 },	/* screen 03 r4 c5 */
	{ 0x00, 0x6d, 0x4d, 0x9a, 0x15, 0x05, 0x18, 0x0c, 0x0d, 0x9a, 0x15, 0x05, 0x18, 0x0c, 0x0c, 0x00 },	/* screen 03 r6 c13 */
	{ 0x00, 0x9a, 0x37, 0x9a, 0x15, 0x0d, 0x18, 0x12, 0x0e, 0x9a, 0x15, 0x0d, 0x18, 0x12, 0x0d, 0x00 },	/* screen 03 r9 c10 */
	{ 0x00, 0xec, 0x29, 0x37, 0x00, 0x00, 0x1c, 0x0e, 0x0f, 0x37, 0x00, 0x00, 0x1c, 0x0e, 0x0e, 0x00 },	/* screen 03 r14 c12 */
	{ 0x00, 0xfb, 0x29, 0x37, 0x00, 0x00, 0x1c, 0x0e, 0x0f, 0x37, 0x00, 0x00, 0x1c, 0x0e, 0x0e, 0x00 },	/* screen 03 r15 c11 */
	{ 0x01, 0x0a, 0x29, 0x37, 0x00, 0x00, 0x1c, 0x0e, 0x0f, 0x37, 0x00, 0x00, 0x1c, 0x0e, 0x0e, 0x00 },	/* screen 03 r16 c10 */
	{ 0x00, 0x57, 0x29, 0x44, 0x00, 0x00, 0x00, 0x00, 0x0b, 0x44, 0x00, 0x00, 0x00, 0x00, 0x0a, 0x00 },	/* screen 04 r5 c7 */
	{ 0x00, 0x66, 0x29, 0x44, 0x00, 0x00, 0x00, 0x00, 0x0b, 0x44, 0x00, 0x00, 0x00, 0x00, 0x0a, 0x00 },	/* screen 04 r6 c6 */
	{ 0x00, 0x75, 0x29, 0x44, 0x00, 0x00, 0x00, 0x00, 0x0b, 0x44, 0x00, 0x00, 0x00, 0x00, 0x0a, 0x00 },	/* screen 04 r7 c5 */
	{ 0x00, 0x84, 0x29, 0x44, 0x00, 0x00, 0x00, 0x00, 0x0b, 0x44, 0x00, 0x00, 0x00, 0x00, 0x0a, 0x00 },	/* screen 04 r8 c4 */
	{ 0x00, 0x93, 0x44, 0xc0, 0x00, 0x00, 0x19, 0x1c, 0x0c, 0xc0, 0x00, 0x00, 0x19, 0x1c, 0x09, 0x00 },	/* screen 04 r9 c3 */
	{ 0x00, 0xa2, 0x29, 0xc7, 0x00, 0x00, 0x19, 0x1c, 0x0b, 0xc7, 0x00, 0x00, 0x19, 0x1c, 0x0a, 0x00 },	/* screen 04 r10 c2 */
	{ 0x00, 0xb0, 0x2d, 0x4f, 0x00, 0x00, 0x00, 0x00, 0x0d, 0x4f, 0x00, 0x00, 0x00, 0x00, 0x0f, 0x00 },	/* screen 04 r11 c0 */
	{ 0x00, 0xb1, 0x29, 0xbb, 0x00, 0x00, 0x00, 0x00, 0x0b, 0xbb, 0x00, 0x00, 0x00, 0x00, 0x0a, 0x00 },	/* screen 04 r11 c1 */
	{ 0x00, 0xb2, 0xb9, 0xc6, 0x00, 0x00, 0x19, 0x1c, 0x0e, 0xc6, 0x00, 0x00, 0x19, 0x1c, 0x10, 0x00 },	/* screen 04 r11 c2 */
	{ 0x00, 0xe5, 0x37, 0x9a, 0x15, 0x15, 0x18, 0x1c, 0x0f, 0x9a, 0x15, 0x15, 0x18, 0x1c, 0x0d, 0x00 },	/* screen 04 r14 c5 */
	{ 0x00, 0xea, 0x34, 0x9a, 0x15, 0x15, 0x1c, 0x18, 0x12, 0x9a, 0x15, 0x15, 0x1c, 0x18, 0x11, 0x00 },	/* screen 04 r14 c10 */
	{ 0x00, 0xf4, 0x4d, 0x37, 0x15, 0x15, 0x15, 0x15, 0x13, 0x0f, 0x00, 0x00, 0x15, 0x15, 0x12, 0x0d },	/* screen 04 r15 c4 */
	{ 0x01, 0x01, 0x98, 0x9b, 0x14, 0x1f, 0x14, 0x1f, 0x85, 0x9b, 0x00, 0x00, 0x14, 0x1f, 0x13, 0x00 },	/* screen 04 r16 c1 */
	{ 0x01, 0x03, 0x4d, 0x37, 0x15, 0x15, 0x15, 0x15, 0x05, 0x0f, 0x00, 0x00, 0x15, 0x15, 0x00, 0x0d },	/* screen 04 r16 c3 */
	{ 0x01, 0x0e, 0x98, 0x9b, 0x1f, 0x14, 0x1f, 0x14, 0x32, 0x86, 0x15, 0x15, 0x1f, 0x14, 0x00, 0x14 },	/* screen 04 r16 c14 */
	{ 0x01, 0x1d, 0x34, 0x9a, 0x15, 0x15, 0x22, 0x18, 0x12, 0x9a, 0x15, 0x15, 0x22, 0x18, 0x11, 0x00 },	/* screen 04 r17 c13 */
	{ 0x01, 0x21, 0x4d, 0x9a, 0x15, 0x15, 0x18, 0x24, 0x14, 0x9a, 0x15, 0x15, 0x18, 0x24, 0x15, 0x00 },	/* screen 04 r18 c1 */
	{ 0x01, 0x2e, 0x34, 0x9a, 0x15, 0x15, 0x25, 0x17, 0x12, 0x9a, 0x15, 0x15, 0x25, 0x17, 0x11, 0x00 },	/* screen 04 r18 c14 */
	{ 0x01, 0x38, 0x2d, 0x34, 0x00, 0x00, 0x1c, 0x1c, 0x15, 0x34, 0x00, 0x00, 0x1c, 0x1c, 0x16, 0x00 },	/* screen 04 r19 c8 */
	{ 0x00, 0xc5, 0x74, 0x33, 0x00, 0x00, 0x12, 0x1a, 0x0b, 0x33, 0x00, 0x00, 0x12, 0x1a, 0x17, 0x00 },	/* screen 05 r12 c5 */
	{ 0x00, 0xd6, 0x74, 0x33, 0x00, 0x00, 0x12, 0x1a, 0x0b, 0x33, 0x00, 0x00, 0x12, 0x1a, 0x17, 0x00 },	/* screen 05 r13 c6 */
	{ 0x00, 0xe7, 0x74, 0x33, 0x00, 0x00, 0x12, 0x1a, 0x0b, 0x33, 0x00, 0x00, 0x12, 0x1a, 0x17, 0x00 },	/* screen 05 r14 c7 */
	{ 0x00, 0xf8, 0x74, 0x33, 0x00, 0x00, 0x12, 0x1a, 0x0b, 0x33, 0x00, 0x00, 0x12, 0x1a, 0x17, 0x00 },	/* screen 05 r15 c8 */
	{ 0x00, 0x48, 0x28, 0xb1, 0x00, 0x00, 0x00, 0x00, 0x0b, 0xb1, 0x00, 0x00, 0x00, 0x00, 0x18, 0x00 },	/* screen 06 r4 c8 */
	{ 0x00, 0xef, 0x62, 0x35, 0x00, 0x00, 0x00, 0x00, 0x0c, 0x35, 0x00, 0x00, 0x00, 0x00, 0x19, 0x00 },	/* screen 06 r14 c15 */
	{ 0x00, 0xfe, 0x62, 0x35, 0x00, 0x00, 0x00, 0x00, 0x0c, 0x35, 0x00, 0x00, 0x00, 0x00, 0x19, 0x00 },	/* screen 06 r15 c14 */
	{ 0x01, 0x07, 0x29, 0x37, 0x00, 0x00, 0x1b, 0x1b, 0x0d, 0x37, 0x00, 0x00, 0x1b, 0x1b, 0x0a, 0x00 },	/* screen 06 r16 c7 */
	{ 0x01, 0x08, 0x2d, 0x34, 0x00, 0x00, 0x1b, 0x1b, 0x0e, 0x34, 0x00, 0x00, 0x1b, 0x1b, 0x0f, 0x00 },	/* screen 06 r16 c8 */
	{ 0x01, 0x19, 0x2d, 0x34, 0x00, 0x00, 0x1b, 0x1b, 0x0e, 0x34, 0x00, 0x00, 0x1b, 0x1b, 0x0f, 0x00 },	/* screen 06 r17 c9 */
	{ 0x01, 0x34, 0x29, 0x37, 0x00, 0x00, 0x1b, 0x1b, 0x0f, 0x37, 0x00, 0x00, 0x1b, 0x1b, 0x0e, 0x00 },	/* screen 06 r19 c4 */
	{ 0x00, 0xa3, 0x37, 0x33, 0x11, 0x17, 0x11, 0x1b, 0x0b, 0x33, 0x11, 0x17, 0x11, 0x1b, 0x1a, 0x00 },	/* screen 07 r10 c3 */
	{ 0x00, 0xb3, 0x34, 0x2d, 0x11, 0x1b, 0x11, 0x1b, 0x05, 0x0c, 0x11, 0x17, 0x11, 0x1b, 0x00, 0x1b },	/* screen 07 r11 c3 */
	{ 0x00, 0xc4, 0x34, 0x2d, 0x11, 0x1b, 0x11, 0x1b, 0x05, 0x0c, 0x11, 0x17, 0x11, 0x1b, 0x00, 0x1b },	/* screen 07 r12 c4 */
	{ 0x00, 0xe5, 0x59, 0x37, 0x17, 0x1b, 0x17, 0x1b, 0x05, 0x0b, 0x11, 0x17, 0x17, 0x1b, 0x00, 0x1a },	/* screen 07 r14 c5 */
	{ 0x00, 0xf8, 0x37, 0x63, 0x1b, 0x17, 0x1b, 0x17, 0x05, 0x0d, 0x11, 0x17, 0x1b, 0x17, 0x00, 0x1c },	/* screen 07 r15 c8 */
	{ 0x01, 0x07, 0x37, 0x63, 0x1b, 0x17, 0x1b, 0x17, 0x05, 0x0d, 0x11, 0x17, 0x1b, 0x17, 0x00, 0x1c },	/* screen 07 r16 c7 */
	{ 0x00, 0x54, 0x29, 0x0b, 0x00, 0x00, 0x00, 0x00, 0x0f, 0x0b, 0x00, 0x00, 0x00, 0x00, 0x0a, 0x00 },	/* screen 08 r5 c4 */
	{ 0x00, 0x57, 0x2b, 0x48, 0x00, 0x00, 0x00, 0x00, 0x88, 0x10, 0x00, 0x00, 0x00, 0x00, 0x00, 0x1d },	/* screen 08 r5 c7 */
	{ 0x00, 0x64, 0x75, 0x0c, 0x00, 0x00, 0x00, 0x00, 0x11, 0x0c, 0x00, 0x00, 0x00, 0x00, 0x1e, 0x00 },	/* screen 08 r6 c4 */
	{ 0x00, 0x92, 0x28, 0x65, 0x00, 0x00, 0x00, 0x00, 0xcf, 0x12, 0x00, 0x00, 0x00, 0x00, 0x00, 0x1f },	/* screen 08 r9 c2 */
	{ 0x00, 0xa0, 0x2b, 0x6f, 0x0e, 0x1e, 0x0e, 0x21, 0x13, 0x6f, 0x00, 0x00, 0x0e, 0x21, 0x20, 0x00 },	/* screen 08 r10 c0 */
	{ 0x00, 0xbb, 0x2b, 0x20, 0x14, 0x10, 0x15, 0x10, 0x87, 0x14, 0x00, 0x00, 0x15, 0x10, 0x00, 0x21 },	/* screen 08 r11 c11 */
	{ 0x00, 0xf4, 0x59, 0x37, 0x17, 0x1d, 0x17, 0x1d, 0x87, 0x15, 0x00, 0x00, 0x17, 0x1d, 0x00, 0x1a },	/* screen 08 r15 c4 */
	{ 0x00, 0xf5, 0x4f, 0x34, 0x17, 0x1d, 0x17, 0x1d, 0x87, 0x16, 0x00, 0x00, 0x17, 0x1d, 0x00, 0x22 },	/* screen 08 r15 c5 */
	{ 0x01, 0x06, 0x4f, 0x34, 0x17, 0x1d, 0x17, 0x1d, 0x87, 0x16, 0x00, 0x00, 0x17, 0x1d, 0x00, 0x22 },	/* screen 08 r16 c6 */
	{ 0x01, 0x17, 0x4f, 0x34, 0x17, 0x1d, 0x17, 0x1d, 0x87, 0x16, 0x00, 0x00, 0x17, 0x1d, 0x00, 0x22 },	/* screen 08 r17 c7 */
	{ 0x01, 0x28, 0x4f, 0x34, 0x17, 0x1d, 0x17, 0x1d, 0x17, 0x16, 0x1c, 0x0c, 0x17, 0x1d, 0x23, 0x22 },	/* screen 08 r18 c8 */
	{ 0x01, 0x29, 0x29, 0x33, 0x1c, 0x0c, 0x17, 0x1d, 0x18, 0x33, 0x1c, 0x0c, 0x17, 0x1d, 0x24, 0x00 },	/* screen 08 r18 c9 */
	{ 0x00, 0x3a, 0x2d, 0x49, 0x00, 0x00, 0x14, 0x0a, 0x0b, 0x49, 0x00, 0x00, 0x14, 0x0a, 0x23, 0x00 },	/* screen 09 r3 c10 */
	{ 0x00, 0x57, 0x2d, 0x34, 0x00, 0x00, 0x0e, 0x10, 0x0c, 0x34, 0x00, 0x00, 0x0e, 0x10, 0x0f, 0x00 },	/* screen 09 r5 c7 */
	{ 0x00, 0x68, 0x2d, 0x34, 0x00, 0x00, 0x0e, 0x10, 0x0c, 0x34, 0x00, 0x00, 0x0e, 0x10, 0x0f, 0x00 },	/* screen 09 r6 c8 */
	{ 0x00, 0x79, 0x2d, 0x34, 0x00, 0x00, 0x0e, 0x10, 0x0c, 0x34, 0x00, 0x00, 0x0e, 0x10, 0x0f, 0x00 },	/* screen 09 r7 c9 */
	{ 0x00, 0x48, 0x2d, 0x4f, 0x12, 0x0e, 0x11, 0x11, 0x0b, 0x4f, 0x12, 0x0e, 0x11, 0x11, 0x0f, 0x00 },	/* screen 0a r4 c8 */
	{ 0x00, 0xc9, 0x28, 0x58, 0x16, 0x12, 0x16, 0x12, 0x0c, 0x58, 0x00, 0x00, 0x16, 0x12, 0x25, 0x00 },	/* screen 0a r12 c9 */
	{ 0x00, 0xe7, 0x28, 0x58, 0x00, 0x00, 0x00, 0x00, 0x0c, 0x58, 0x00, 0x00, 0x00, 0x00, 0x25, 0x00 },	/* screen 0a r14 c7 */
	{ 0x00, 0xdc, 0x2b, 0xae, 0x00, 0x00, 0x00, 0x00, 0x0b, 0xae, 0x00, 0x00, 0x00, 0x00, 0x26, 0x00 },	/* screen 0b r13 c12 */
	{ 0x00, 0x4c, 0x4f, 0x36, 0x14, 0x0e, 0x18, 0x0e, 0x0b, 0x36, 0x14, 0x0e, 0x18, 0x0e, 0x01, 0x00 },	/* screen 0c r4 c12 */
	{ 0x00, 0x5c, 0x37, 0x29, 0x18, 0x0e, 0x18, 0x0e, 0x05, 0x0c, 0x14, 0x0e, 0x18, 0x0e, 0x00, 0x27 },	/* screen 0c r5 c12 */
	{ 0x00, 0x6b, 0x37, 0x29, 0x18, 0x0e, 0x18, 0x0e, 0x05, 0x0c, 0x14, 0x0e, 0x18, 0x0e, 0x00, 0x27 },	/* screen 0c r6 c11 */
	{ 0x00, 0x89, 0x29, 0x37, 0x00, 0x00, 0x18, 0x0e, 0x0d, 0x37, 0x00, 0x00, 0x18, 0x0e, 0x0a, 0x00 },	/* screen 0c r8 c9 */
	{ 0x00, 0x98, 0x29, 0x37, 0x00, 0x00, 0x18, 0x0e, 0x0d, 0x37, 0x00, 0x00, 0x18, 0x0e, 0x0a, 0x00 },	/* screen 0c r9 c8 */
	{ 0x00, 0xba, 0x28, 0x62, 0x00, 0x00, 0x18, 0x0e, 0x0e, 0x62, 0x00, 0x00, 0x18, 0x0e, 0x25, 0x00 },	/* screen 0c r11 c10 */
	{ 0x00, 0xc9, 0x28, 0x62, 0x00, 0x00, 0x18, 0x0e, 0x0e, 0x62, 0x00, 0x00, 0x18, 0x0e, 0x25, 0x00 },	/* screen 0c r12 c9 */
	{ 0x00, 0x49, 0x2b, 0x20, 0x00, 0x00, 0x00, 0x00, 0x0b, 0x20, 0x00, 0x00, 0x00, 0x00, 0x28, 0x00 },	/* screen 0d r4 c9 */
	{ 0x00, 0x5a, 0x2b, 0x96, 0x00, 0x00, 0x12, 0x0c, 0x0b, 0x96, 0x00, 0x00, 0x12, 0x0c, 0x28, 0x00 },	/* screen 0d r5 c10 */
	{ 0x00, 0xd4, 0x2d, 0x34, 0x20, 0x2e, 0x25, 0x2d, 0x05, 0x0c, 0x00, 0x00, 0x25, 0x2d, 0x00, 0x1b },	/* screen 0d r13 c4 */
	{ 0x00, 0xe5, 0x2d, 0x34, 0x20, 0x2e, 0x25, 0x2d, 0x05, 0x0c, 0x00, 0x00, 0x25, 0x2d, 0x00, 0x1b },	/* screen 0d r14 c5 */
	{ 0x00, 0xea, 0x29, 0x37, 0x2e, 0x20, 0x2d, 0x27, 0x05, 0x0d, 0x00, 0x00, 0x2d, 0x27, 0x00, 0x29 },	/* screen 0d r14 c10 */
	{ 0x00, 0xf6, 0x2d, 0x34, 0x20, 0x2e, 0x25, 0x2d, 0x05, 0x0c, 0x00, 0x00, 0x25, 0x2d, 0x00, 0x1b },	/* screen 0d r15 c6 */
	{ 0x00, 0xf9, 0x29, 0x37, 0x2e, 0x20, 0x2d, 0x27, 0x05, 0x0d, 0x00, 0x00, 0x2d, 0x27, 0x00, 0x29 },	/* screen 0d r15 c9 */
	{ 0x01, 0x07, 0x2d, 0x34, 0x20, 0x2e, 0x25, 0x2d, 0x05, 0x0c, 0x00, 0x00, 0x25, 0x2d, 0x00, 0x1b },	/* screen 0d r16 c7 */
	{ 0x01, 0x08, 0x29, 0x37, 0x2e, 0x20, 0x2d, 0x27, 0x05, 0x0d, 0x00, 0x00, 0x2d, 0x27, 0x00, 0x29 },	/* screen 0d r16 c8 */
	{ 0x00, 0x11, 0x36, 0x32, 0x06, 0x12, 0x06, 0x14, 0x0b, 0x32, 0x06, 0x12, 0x06, 0x14, 0x2a, 0x00 },	/* screen 0f r1 c1 */
	{ 0x00, 0x21, 0x37, 0x33, 0x06, 0x12, 0x06, 0x14, 0x0c, 0x33, 0x06, 0x12, 0x06, 0x14, 0x2b, 0x00 },	/* screen 0f r2 c1 */
	{ 0x00, 0x31, 0x2d, 0x34, 0x06, 0x14, 0x06, 0x14, 0x0d, 0x0e, 0x00, 0x00, 0x06, 0x14, 0x2c, 0x1b },	/* screen 0f r3 c1 */
	{ 0x00, 0x42, 0x2d, 0x34, 0x06, 0x14, 0x06, 0x14, 0x04, 0x0e, 0x00, 0x00, 0x06, 0x14, 0x00, 0x1b },	/* screen 0f r4 c2 */
	{ 0x00, 0x4b, 0x4f, 0x34, 0x00, 0x00, 0x00, 0x00, 0x0f, 0x34, 0x00, 0x00, 0x00, 0x00, 0x2d, 0x00 },	/* screen 0f r4 c11 */
	{ 0x00, 0x53, 0x2d, 0x34, 0x06, 0x14, 0x06, 0x14, 0x04, 0x0e, 0x00, 0x00, 0x06, 0x14, 0x00, 0x1b },	/* screen 0f r5 c3 */
	{ 0x00, 0x54, 0xb1, 0x37, 0x0c, 0x12, 0x0c, 0x12, 0x10, 0x11, 0x00, 0x00, 0x0c, 0x12, 0x2e, 0x2f },	/* screen 0f r5 c4 */
	{ 0x00, 0x5c, 0x4f, 0x34, 0x00, 0x00, 0x00, 0x00, 0x0f, 0x34, 0x00, 0x00, 0x00, 0x00, 0x2d, 0x00 },	/* screen 0f r5 c12 */
	{ 0x00, 0xa6, 0x4d, 0x37, 0x12, 0x14, 0x12, 0x14, 0x13, 0x14, 0x00, 0x00, 0x12, 0x14, 0x30, 0x0d },	/* screen 0f r10 c6 */
	{ 0x00, 0xb3, 0x74, 0x35, 0x00, 0x00, 0x12, 0x14, 0x15, 0x35, 0x00, 0x00, 0x12, 0x14, 0x31, 0x00 },	/* screen 0f r11 c3 */
	{ 0x00, 0xb5, 0x4d, 0x37, 0x12, 0x14, 0x12, 0x14, 0x16, 0x14, 0x00, 0x00, 0x12, 0x14, 0x32, 0x0d },	/* screen 0f r11 c5 */
	{ 0x00, 0xba, 0xb1, 0x37, 0x00, 0x00, 0x18, 0x12, 0x17, 0x37, 0x00, 0x00, 0x18, 0x12, 0x33, 0x00 },	/* screen 0f r11 c10 */
	{ 0x00, 0xc4, 0x4d, 0x37, 0x12, 0x14, 0x12, 0x14, 0x15, 0x14, 0x00, 0x00, 0x12, 0x14, 0x31, 0x0d },	/* screen 0f r12 c4 */
	{ 0x00, 0xd0, 0x4e, 0x34, 0x00, 0x00, 0x0e, 0x1e, 0x18, 0x34, 0x00, 0x00, 0x0e, 0x1e, 0x34, 0x00 },	/* screen 0f r13 c0 */
	{ 0x00, 0xd3, 0x4d, 0x37, 0x12, 0x14, 0x12, 0x14, 0x06, 0x14, 0x00, 0x00, 0x12, 0x14, 0x00, 0x0d },	/* screen 0f r13 c3 */
	{ 0x00, 0xe1, 0x4e, 0x34, 0x00, 0x00, 0x0e, 0x1e, 0x18, 0x34, 0x00, 0x00, 0x0e, 0x1e, 0x34, 0x00 },	/* screen 0f r14 c1 */
	{ 0x00, 0xe2, 0x4d, 0x37, 0x12, 0x14, 0x12, 0x14, 0x06, 0x14, 0x00, 0x00, 0x12, 0x14, 0x00, 0x0d },	/* screen 0f r14 c2 */
	{ 0x01, 0x28, 0x63, 0x37, 0x00, 0x00, 0x1c, 0x1a, 0x19, 0x37, 0x00, 0x00, 0x1c, 0x1a, 0x35, 0x00 },	/* screen 0f r18 c8 */
	{ 0x01, 0x37, 0x63, 0x37, 0x00, 0x00, 0x1c, 0x1a, 0x19, 0x37, 0x00, 0x00, 0x1c, 0x1a, 0x35, 0x00 },	/* screen 0f r19 c7 */
	{ 0x00, 0x2e, 0x80, 0x34, 0x00, 0x00, 0x12, 0x06, 0x0b, 0x34, 0x00, 0x00, 0x12, 0x06, 0x36, 0x00 },	/* screen 10 r2 c14 */
	{ 0x00, 0x6a, 0x63, 0x36, 0x00, 0x00, 0x14, 0x0c, 0x0c, 0x36, 0x00, 0x00, 0x14, 0x0c, 0x37, 0x00 },	/* screen 10 r6 c10 */
	{ 0x00, 0x79, 0x63, 0x36, 0x00, 0x00, 0x14, 0x0c, 0x0c, 0x36, 0x00, 0x00, 0x14, 0x0c, 0x37, 0x00 },	/* screen 10 r7 c9 */
	{ 0x00, 0xb2, 0x28, 0x62, 0x00, 0x00, 0x00, 0x00, 0x0d, 0x62, 0x00, 0x00, 0x00, 0x00, 0x38, 0x00 },	/* screen 10 r11 c2 */
	{ 0x00, 0xc1, 0x28, 0x62, 0x00, 0x00, 0x00, 0x00, 0x0d, 0x62, 0x00, 0x00, 0x00, 0x00, 0x38, 0x00 },	/* screen 10 r12 c1 */
	{ 0x00, 0xdd, 0x62, 0x36, 0x00, 0x00, 0x1e, 0x12, 0x0e, 0x36, 0x00, 0x00, 0x1e, 0x12, 0x19, 0x00 },	/* screen 10 r13 c13 */
	{ 0x00, 0xec, 0x62, 0x36, 0x00, 0x00, 0x1e, 0x12, 0x0e, 0x36, 0x00, 0x00, 0x1e, 0x12, 0x19, 0x00 },	/* screen 10 r14 c12 */
	{ 0x00, 0xee, 0x2b, 0x7f, 0x00, 0x00, 0x00, 0x00, 0x0f, 0x7f, 0x1e, 0x10, 0x00, 0x00, 0x39, 0x00 },	/* screen 10 r14 c14 */
	{ 0x00, 0xfb, 0x62, 0x36, 0x00, 0x00, 0x1e, 0x12, 0x0e, 0x36, 0x00, 0x00, 0x1e, 0x12, 0x19, 0x00 },	/* screen 10 r15 c11 */
	{ 0x00, 0xfc, 0x4d, 0x37, 0x1e, 0x10, 0x1e, 0x12, 0x04, 0x14, 0x00, 0x00, 0x1e, 0x12, 0x00, 0x0d },	/* screen 10 r15 c12 */
	{ 0x01, 0x0b, 0x4d, 0x37, 0x1e, 0x10, 0x1e, 0x12, 0x04, 0x14, 0x00, 0x00, 0x1e, 0x12, 0x00, 0x0d },	/* screen 10 r16 c11 */
	{ 0x01, 0x1a, 0x4d, 0x37, 0x1e, 0x10, 0x1e, 0x12, 0x04, 0x14, 0x00, 0x00, 0x1e, 0x12, 0x00, 0x0d },	/* screen 10 r17 c10 */
	{ 0x01, 0x35, 0x34, 0x4e, 0x1a, 0x20, 0x1a, 0x20, 0x04, 0x15, 0x00, 0x00, 0x1a, 0x20, 0x00, 0x11 },	/* screen 10 r19 c5 */
	{ 0x00, 0x04, 0x76, 0x28, 0x06, 0x0e, 0x0c, 0x10, 0x0b, 0x28, 0x06, 0x0e, 0x0c, 0x10, 0x3a, 0x00 },	/* screen 11 r0 c4 */
	{ 0x00, 0x13, 0x2d, 0x28, 0x06, 0x0e, 0x0c, 0x10, 0x0c, 0x28, 0x06, 0x0e, 0x0c, 0x10, 0x23, 0x00 },	/* screen 11 r1 c3 */
	{ 0x00, 0x55, 0x2b, 0x7f, 0x00, 0x00, 0x00, 0x00, 0x0d, 0x7f, 0x00, 0x00, 0x00, 0x00, 0x2c, 0x00 },	/* screen 11 r5 c5 */
	{ 0x00, 0x60, 0x63, 0x23, 0x11, 0x1f, 0x11, 0x1f, 0x0e, 0x23, 0x00, 0x00, 0x11, 0x1f, 0x37, 0x00 },	/* screen 11 r6 c0 */
	{ 0x00, 0xaa, 0x2b, 0x7f, 0x00, 0x00, 0x00, 0x00, 0x0d, 0x7f, 0x00, 0x00, 0x00, 0x00, 0x2c, 0x00 },	/* screen 11 r10 c10 */
	{ 0x01, 0x18, 0x28, 0x58, 0x16, 0x18, 0x1a, 0x18, 0x0f, 0x58, 0x00, 0x00, 0x1a, 0x18, 0x38, 0x00 },	/* screen 11 r17 c8 */
	{ 0x01, 0x26, 0x34, 0x4e, 0x1a, 0x1e, 0x1a, 0x1e, 0x09, 0x10, 0x00, 0x00, 0x1a, 0x1e, 0x00, 0x11 },	/* screen 11 r18 c6 */
	{ 0x00, 0x11, 0x36, 0x32, 0x04, 0x0e, 0x04, 0x12, 0x0b, 0x32, 0x04, 0x0e, 0x04, 0x12, 0x3b, 0x00 },	/* screen 12 r1 c1 */
	{ 0x00, 0x2b, 0x29, 0x2b, 0x00, 0x00, 0x10, 0x0e, 0x0c, 0x2b, 0x00, 0x00, 0x10, 0x0e, 0x24, 0x00 },	/* screen 12 r2 c11 */
	{ 0x00, 0x5e, 0x2d, 0x26, 0x18, 0x0c, 0x1d, 0x11, 0x0d, 0x26, 0x00, 0x00, 0x1d, 0x11, 0x3c, 0x00 },	/* screen 12 r5 c14 */
	{ 0x00, 0x69, 0x28, 0x58, 0x00, 0x00, 0x00, 0x00, 0x0e, 0x58, 0x00, 0x00, 0x00, 0x00, 0x38, 0x00 },	/* screen 12 r6 c9 */
	{ 0x00, 0x86, 0x2b, 0x7f, 0x00, 0x00, 0x00, 0x00, 0x0f, 0x7f, 0x00, 0x00, 0x00, 0x00, 0x2c, 0x00 },	/* screen 12 r8 c6 */
	{ 0x00, 0xca, 0x2b, 0x7f, 0x16, 0x0c, 0x16, 0x12, 0x0f, 0x7f, 0x00, 0x00, 0x16, 0x12, 0x2c, 0x00 },	/* screen 12 r12 c10 */
	{ 0x00, 0x9d, 0x2d, 0x26, 0x1c, 0x14, 0x1c, 0x14, 0x0b, 0x26, 0x00, 0x00, 0x1c, 0x14, 0x3c, 0x00 },	/* screen 13 r9 c13 */
	{ 0x00, 0xae, 0x2d, 0x26, 0x1c, 0x14, 0x1c, 0x14, 0x0b, 0x26, 0x00, 0x00, 0x1c, 0x14, 0x3c, 0x00 },	/* screen 13 r10 c14 */
	{ 0x00, 0xbd, 0x2d, 0x26, 0x1c, 0x14, 0x1c, 0x14, 0x0b, 0x26, 0x00, 0x00, 0x1c, 0x14, 0x3c, 0x00 },	/* screen 13 r11 c13 */
	{ 0x00, 0xbf, 0x2d, 0x26, 0x1c, 0x14, 0x1c, 0x14, 0x0b, 0x26, 0x00, 0x00, 0x1c, 0x14, 0x3c, 0x00 },	/* screen 13 r11 c15 */
	{ 0x00, 0xc2, 0x34, 0x2d, 0x00, 0x00, 0x00, 0x00, 0x0c, 0x2d, 0x00, 0x00, 0x00, 0x00, 0x3d, 0x00 },	/* screen 13 r12 c2 */
	{ 0x00, 0xce, 0x2d, 0x26, 0x1c, 0x14, 0x1c, 0x14, 0x0b, 0x26, 0x00, 0x00, 0x1c, 0x14, 0x3c, 0x00 },	/* screen 13 r12 c14 */
	{ 0x00, 0xd3, 0x34, 0x2d, 0x00, 0x00, 0x00, 0x00, 0x0c, 0x2d, 0x00, 0x00, 0x00, 0x00, 0x3d, 0x00 },	/* screen 13 r13 c3 */
	{ 0x00, 0xe4, 0x34, 0x2d, 0x00, 0x00, 0x00, 0x00, 0x0c, 0x2d, 0x00, 0x00, 0x00, 0x00, 0x3d, 0x00 },	/* screen 13 r14 c4 */
	{ 0x00, 0xf5, 0x34, 0x2d, 0x00, 0x00, 0x00, 0x00, 0x0c, 0x2d, 0x00, 0x00, 0x00, 0x00, 0x3d, 0x00 },	/* screen 13 r15 c5 */
	{ 0x01, 0x06, 0x34, 0x2d, 0x00, 0x00, 0x00, 0x00, 0x0c, 0x2d, 0x00, 0x00, 0x00, 0x00, 0x3d, 0x00 },	/* screen 13 r16 c6 */
	{ 0x01, 0x0c, 0x6a, 0x7f, 0x1c, 0x14, 0x1c, 0x14, 0x0d, 0x7f, 0x00, 0x00, 0x1c, 0x14, 0x3e, 0x00 },	/* screen 13 r16 c12 */
	{ 0x01, 0x17, 0x34, 0x2d, 0x00, 0x00, 0x00, 0x00, 0x0c, 0x2d, 0x00, 0x00, 0x00, 0x00, 0x3d, 0x00 },	/* screen 13 r17 c7 */
	{ 0x01, 0x28, 0x34, 0x2d, 0x00, 0x00, 0x00, 0x00, 0x0c, 0x2d, 0x00, 0x00, 0x00, 0x00, 0x3d, 0x00 },	/* screen 13 r18 c8 */
	{ 0x01, 0x39, 0x34, 0x2d, 0x00, 0x00, 0x00, 0x00, 0x0c, 0x2d, 0x00, 0x00, 0x00, 0x00, 0x3d, 0x00 },	/* screen 13 r19 c9 */
	{ 0x00, 0x4a, 0x62, 0x33, 0x10, 0x08, 0x10, 0x0c, 0x0b, 0x33, 0x10, 0x08, 0x10, 0x0c, 0x3f, 0x00 },	/* screen 14 r4 c10 */
	{ 0x00, 0x5a, 0x2d, 0x34, 0x00, 0x00, 0x10, 0x0c, 0x0c, 0x34, 0x00, 0x00, 0x10, 0x0c, 0x3c, 0x00 },	/* screen 14 r5 c10 */
	{ 0x00, 0x5d, 0xb1, 0x37, 0x00, 0x00, 0x14, 0x08, 0x0d, 0x37, 0x00, 0x00, 0x14, 0x08, 0x40, 0x00 },	/* screen 14 r5 c13 */
	{ 0x00, 0x6b, 0x2d, 0x34, 0x00, 0x00, 0x10, 0x0c, 0x0c, 0x34, 0x00, 0x00, 0x10, 0x0c, 0x3c, 0x00 },	/* screen 14 r6 c11 */
	{ 0x00, 0x6c, 0x29, 0x37, 0x00, 0x00, 0x14, 0x08, 0x0e, 0x37, 0x00, 0x00, 0x14, 0x08, 0x0e, 0x00 },	/* screen 14 r6 c12 */
	{ 0x00, 0xa9, 0x62, 0x58, 0x14, 0x10, 0x14, 0x10, 0x0f, 0x58, 0x00, 0x00, 0x14, 0x10, 0x19, 0x00 },	/* screen 14 r10 c9 */
	{ 0x00, 0xaf, 0x29, 0x37, 0x00, 0x00, 0x1a, 0x0a, 0x10, 0x37, 0x00, 0x00, 0x1a, 0x0a, 0x41, 0x00 },	/* screen 14 r10 c15 */
	{ 0x00, 0xbe, 0x29, 0x37, 0x00, 0x00, 0x1a, 0x0a, 0x10, 0x37, 0x00, 0x00, 0x1a, 0x0a, 0x41, 0x00 },	/* screen 14 r11 c14 */
	{ 0x00, 0xcd, 0x29, 0x37, 0x00, 0x00, 0x1a, 0x0a, 0x10, 0x37, 0x00, 0x00, 0x1a, 0x0a, 0x41, 0x00 },	/* screen 14 r12 c13 */
	{ 0x00, 0xdc, 0x29, 0x37, 0x00, 0x00, 0x1a, 0x0a, 0x10, 0x37, 0x00, 0x00, 0x1a, 0x0a, 0x41, 0x00 },	/* screen 14 r13 c12 */
	{ 0x00, 0xeb, 0x29, 0x37, 0x00, 0x00, 0x1a, 0x12, 0x10, 0x37, 0x00, 0x00, 0x1a, 0x12, 0x41, 0x00 },	/* screen 14 r14 c11 */
	{ 0x00, 0xf3, 0x6a, 0x7f, 0x00, 0x00, 0x00, 0x00, 0x11, 0x7f, 0x00, 0x00, 0x00, 0x00, 0x3e, 0x00 },	/* screen 14 r15 c3 */
	{ 0x00, 0xf4, 0x62, 0x58, 0x00, 0x00, 0x00, 0x00, 0x0f, 0x58, 0x00, 0x00, 0x00, 0x00, 0x19, 0x00 },	/* screen 14 r15 c4 */
	{ 0x00, 0xfa, 0x29, 0x37, 0x00, 0x00, 0x1a, 0x12, 0x10, 0x37, 0x00, 0x00, 0x1a, 0x12, 0x41, 0x00 },	/* screen 14 r15 c10 */
	{ 0x01, 0x09, 0x29, 0x37, 0x00, 0x00, 0x1a, 0x12, 0x10, 0x37, 0x00, 0x00, 0x1a, 0x12, 0x41, 0x00 },	/* screen 14 r16 c9 */
	{ 0x01, 0x18, 0x29, 0x37, 0x00, 0x00, 0x1a, 0x12, 0x10, 0x37, 0x00, 0x00, 0x1a, 0x12, 0x41, 0x00 },	/* screen 14 r17 c8 */
	{ 0x01, 0x27, 0x29, 0x37, 0x00, 0x00, 0x1a, 0x12, 0x10, 0x37, 0x00, 0x00, 0x1a, 0x12, 0x41, 0x00 },	/* screen 14 r18 c7 */
	{ 0x00, 0x51, 0x6a, 0x7f, 0x00, 0x00, 0x00, 0x00, 0x0b, 0x7f, 0x00, 0x00, 0x00, 0x00, 0x3e, 0x00 },	/* screen 15 r5 c1 */
	{ 0x00, 0x55, 0x37, 0x4d, 0x0c, 0x10, 0x0c, 0x10, 0x6a, 0x0c, 0x00, 0x00, 0x0c, 0x10, 0x00, 0x0d },	/* screen 15 r5 c5 */
	{ 0x00, 0x74, 0x2d, 0x34, 0x0c, 0x14, 0x0c, 0x14, 0x04, 0x0d, 0x00, 0x00, 0x0c, 0x14, 0x00, 0x1b },	/* screen 15 r7 c4 */
	{ 0x00, 0x84, 0x2b, 0xac, 0x00, 0x00, 0x00, 0x00, 0x0e, 0xac, 0x00, 0x00, 0x00, 0x00, 0x2c, 0x00 },	/* screen 15 r8 c4 */
	{ 0x00, 0xa0, 0x2d, 0x34, 0x00, 0x00, 0x0a, 0x1a, 0x0f, 0x34, 0x00, 0x00, 0x0a, 0x1a, 0x3c, 0x00 },	/* screen 15 r10 c0 */
	{ 0x00, 0xda, 0x80, 0x34, 0x00, 0x00, 0x18, 0x14, 0x10, 0x34, 0x00, 0x00, 0x18, 0x14, 0x42, 0x00 },	/* screen 15 r13 c10 */
	{ 0x00, 0xdd, 0x29, 0x37, 0x00, 0x00, 0x1c, 0x10, 0x11, 0x37, 0x00, 0x00, 0x1c, 0x10, 0x0e, 0x00 },	/* screen 15 r13 c13 */
	{ 0x00, 0xe1, 0x37, 0x4d, 0x00, 0x00, 0x00, 0x00, 0x6a, 0x0c, 0x0f, 0x1d, 0x00, 0x00, 0x00, 0x0d },	/* screen 15 r14 c1 */
	{ 0x00, 0xeb, 0x2d, 0x34, 0x00, 0x00, 0x18, 0x14, 0x12, 0x34, 0x00, 0x00, 0x18, 0x14, 0x16, 0x00 },	/* screen 15 r14 c11 */
	{ 0x00, 0xec, 0x29, 0x37, 0x00, 0x00, 0x1c, 0x10, 0x11, 0x37, 0x00, 0x00, 0x1c, 0x10, 0x0e, 0x00 },	/* screen 15 r14 c12 */
	{ 0x01, 0x28, 0x2d, 0x34, 0x00, 0x00, 0x18, 0x1a, 0x0f, 0x34, 0x00, 0x00, 0x18, 0x1a, 0x3c, 0x00 },	/* screen 15 r18 c8 */
	{ 0x01, 0x2e, 0x6a, 0x7f, 0x20, 0x14, 0x20, 0x14, 0x0b, 0x7f, 0x00, 0x00, 0x20, 0x14, 0x3e, 0x00 },	/* screen 15 r18 c14 */
	{ 0x01, 0x39, 0x2d, 0x34, 0x00, 0x00, 0x18, 0x1a, 0x0f, 0x34, 0x00, 0x00, 0x18, 0x1a, 0x3c, 0x00 },	/* screen 15 r19 c9 */
	{ 0x00, 0x6d, 0x33, 0x35, 0x00, 0x00, 0x16, 0x0a, 0x0b, 0x35, 0x00, 0x00, 0x16, 0x0a, 0x43, 0x00 },	/* screen 16 r6 c13 */
	{ 0x00, 0x7d, 0x34, 0x36, 0x00, 0x00, 0x16, 0x0a, 0x0c, 0x36, 0x00, 0x00, 0x16, 0x0a, 0x44, 0x00 },	/* screen 16 r7 c13 */
	{ 0x00, 0xbb, 0x4f, 0x34, 0x00, 0x00, 0x16, 0x10, 0x0d, 0x34, 0x00, 0x00, 0x16, 0x10, 0x45, 0x00 },	/* screen 16 r11 c11 */
	{ 0x00, 0xcc, 0x4f, 0x34, 0x00, 0x00, 0x16, 0x10, 0x0d, 0x34, 0x00, 0x00, 0x16, 0x10, 0x45, 0x00 },	/* screen 16 r12 c12 */
	{ 0x00, 0xdd, 0x34, 0xac, 0x00, 0x00, 0x00, 0x00, 0x0e, 0xac, 0x00, 0x00, 0x00, 0x00, 0x22, 0x00 },	/* screen 16 r13 c13 */
	{ 0x00, 0x83, 0x28, 0x98, 0x00, 0x00, 0x0f, 0x17, 0x0b, 0x98, 0x00, 0x00, 0x0f, 0x17, 0x38, 0x00 },	/* screen 17 r8 c3 */
	{ 0x00, 0xd1, 0x29, 0xb1, 0x00, 0x00, 0x00, 0x00, 0x0c, 0xb1, 0x00, 0x00, 0x00, 0x00, 0x41, 0x00 },	/* screen 17 r13 c1 */
	{ 0x01, 0x16, 0x45, 0x35, 0x00, 0x00, 0x1a, 0x1c, 0x0d, 0x35, 0x00, 0x00, 0x1a, 0x1c, 0x46, 0x00 },	/* screen 17 r17 c6 */
	{ 0x01, 0x36, 0x63, 0x37, 0x00, 0x00, 0x1a, 0x1c, 0x0e, 0x37, 0x00, 0x00, 0x1a, 0x1c, 0x47, 0x00 },	/* screen 17 r19 c6 */
	{ 0x01, 0x37, 0x74, 0x34, 0x00, 0x00, 0x1a, 0x1c, 0x0f, 0x34, 0x00, 0x00, 0x1a, 0x1c, 0x31, 0x00 },	/* screen 17 r19 c7 */
	{ 0x00, 0x0b, 0x29, 0x23, 0x14, 0x0c, 0x14, 0x0c, 0x0b, 0x23, 0x00, 0x00, 0x14, 0x0c, 0x48, 0x00 },	/* screen 18 r0 c11 */
	{ 0x00, 0x1b, 0x10, 0x61, 0x00, 0x00, 0x14, 0x0c, 0x0c, 0x61, 0x00, 0x00, 0x14, 0x0c, 0x49, 0x00 },	/* screen 18 r1 c11 */
	{ 0x00, 0x2b, 0x23, 0x56, 0x14, 0x0c, 0x14, 0x0c, 0x0d, 0x0e, 0x00, 0x00, 0x14, 0x0c, 0x41, 0x4a },	/* screen 18 r2 c11 */
	{ 0x00, 0x3a, 0x29, 0x23, 0x14, 0x0c, 0x14, 0x0c, 0x0d, 0x23, 0x00, 0x00, 0x14, 0x0c, 0x41, 0x00 },	/* screen 18 r3 c10 */
	{ 0x00, 0x49, 0x29, 0x23, 0x14, 0x0c, 0x14, 0x0c, 0x0d, 0x23, 0x00, 0x00, 0x14, 0x0c, 0x41, 0x00 },	/* screen 18 r4 c9 */
	{ 0x00, 0x58, 0x29, 0x23, 0x14, 0x0c, 0x14, 0x0c, 0x0d, 0x23, 0x00, 0x00, 0x14, 0x0c, 0x41, 0x00 },	/* screen 18 r5 c8 */
	{ 0x00, 0x8b, 0x62, 0x58, 0x14, 0x0c, 0x14, 0x0c, 0x0f, 0x58, 0x00, 0x00, 0x14, 0x0c, 0x19, 0x00 },	/* screen 18 r8 c11 */
	{ 0x00, 0xd2, 0x34, 0x4e, 0x10, 0x1c, 0x10, 0x1c, 0x62, 0x11, 0x00, 0x00, 0x10, 0x1c, 0x00, 0x11 },	/* screen 18 r13 c2 */
	{ 0x00, 0xd6, 0x62, 0x58, 0x00, 0x00, 0x00, 0x00, 0x0f, 0x58, 0x00, 0x00, 0x00, 0x00, 0x19, 0x00 },	/* screen 18 r13 c6 */
	{ 0x00, 0xf3, 0x29, 0x37, 0x14, 0x1c, 0x14, 0x1c, 0x12, 0x13, 0x10, 0x1c, 0x14, 0x1c, 0x05, 0x29 },	/* screen 18 r15 c3 */
	{ 0x01, 0x03, 0x28, 0xb9, 0x00, 0x00, 0x00, 0x00, 0x14, 0xb9, 0x00, 0x00, 0x00, 0x00, 0x38, 0x00 },	/* screen 18 r16 c3 */
	{ 0x00, 0x73, 0x6a, 0x7f, 0x00, 0x00, 0x00, 0x00, 0x0b, 0x7f, 0x00, 0x00, 0x00, 0x00, 0x3e, 0x00 },	/* screen 19 r7 c3 */
	{ 0x00, 0xa0, 0x34, 0x76, 0x00, 0x00, 0x00, 0x00, 0x0c, 0x76, 0x00, 0x00, 0x00, 0x00, 0x3d, 0x00 },	/* screen 19 r10 c0 */
	{ 0x00, 0xb1, 0x34, 0x76, 0x00, 0x00, 0x00, 0x00, 0x0d, 0x76, 0x00, 0x00, 0x00, 0x00, 0x4b, 0x00 },	/* screen 19 r11 c1 */
	{ 0x00, 0xc2, 0x34, 0x76, 0x00, 0x00, 0x00, 0x00, 0x0d, 0x76, 0x00, 0x00, 0x00, 0x00, 0x4b, 0x00 },	/* screen 19 r12 c2 */
	{ 0x00, 0xd3, 0x74, 0x34, 0x00, 0x00, 0x08, 0x1a, 0x0e, 0x34, 0x00, 0x00, 0x08, 0x1a, 0x31, 0x00 },	/* screen 19 r13 c3 */
	{ 0x00, 0xe4, 0x74, 0x34, 0x00, 0x00, 0x08, 0x1a, 0x0e, 0x34, 0x00, 0x00, 0x08, 0x1a, 0x31, 0x00 },	/* screen 19 r14 c4 */
	{ 0x00, 0xf5, 0x74, 0x34, 0x00, 0x00, 0x08, 0x1a, 0x0e, 0x34, 0x00, 0x00, 0x08, 0x1a, 0x31, 0x00 },	/* screen 19 r15 c5 */
	{ 0x00, 0x8d, 0x4f, 0xbf, 0x00, 0x00, 0x21, 0x12, 0x0b, 0xbf, 0x00, 0x00, 0x21, 0x12, 0x01, 0x00 },	/* screen 1a r8 c13 */
	{ 0x00, 0x9e, 0x4f, 0xbd, 0x00, 0x00, 0x21, 0x12, 0x0b, 0xbd, 0x00, 0x00, 0x21, 0x12, 0x01, 0x00 },	/* screen 1a r9 c14 */
	{ 0x00, 0xe4, 0x29, 0x37, 0x00, 0x00, 0x14, 0x1a, 0x0c, 0x37, 0x00, 0x00, 0x14, 0x1a, 0x0a, 0x00 },	/* screen 1a r14 c4 */
	{ 0x00, 0xf8, 0x74, 0xc4, 0x00, 0x00, 0x21, 0x1a, 0x0d, 0xc4, 0x00, 0x00, 0x21, 0x1a, 0x4c, 0x00 },	/* screen 1a r15 c8 */
	{ 0x01, 0x0a, 0x59, 0x97, 0x00, 0x00, 0x20, 0x1a, 0x0e, 0x97, 0x00, 0x00, 0x20, 0x1a, 0x2e, 0x00 },	/* screen 1a r16 c10 */
	{ 0x01, 0x37, 0x59, 0x97, 0x00, 0x00, 0x20, 0x20, 0x0f, 0x97, 0x00, 0x00, 0x20, 0x20, 0x4d, 0x00 },	/* screen 1a r19 c7 */
	{ 0x00, 0x55, 0x4d, 0x99, 0x00, 0x00, 0x0c, 0x10, 0x0b, 0x99, 0x00, 0x00, 0x0c, 0x10, 0x15, 0x00 },	/* screen 1b r5 c5 */
	{ 0x00, 0x7b, 0x4d, 0x37, 0x00, 0x00, 0x00, 0x00, 0x0c, 0x37, 0x00, 0x00, 0x00, 0x00, 0x05, 0x00 },	/* screen 1b r7 c11 */
	{ 0x00, 0x82, 0x4d, 0x99, 0x00, 0x00, 0x0c, 0x16, 0x0b, 0x99, 0x00, 0x00, 0x0c, 0x16, 0x15, 0x00 },	/* screen 1b r8 c2 */
	{ 0x00, 0xc6, 0x4d, 0x88, 0x00, 0x00, 0x14, 0x1c, 0x0c, 0x88, 0x00, 0x00, 0x14, 0x1c, 0x05, 0x00 },	/* screen 1b r12 c6 */
	{ 0x01, 0x13, 0x2b, 0x7f, 0x00, 0x00, 0x14, 0x1e, 0x0d, 0x7f, 0x00, 0x00, 0x14, 0x1e, 0x28, 0x00 },	/* screen 1b r17 c3 */
	{ 0x01, 0x24, 0x2b, 0x7f, 0x00, 0x00, 0x14, 0x1e, 0x0d, 0x7f, 0x00, 0x00, 0x14, 0x1e, 0x28, 0x00 },	/* screen 1b r18 c4 */
	{ 0x00, 0x6c, 0x72, 0x75, 0x00, 0x00, 0x00, 0x00, 0x0b, 0x75, 0x00, 0x00, 0x00, 0x00, 0x4e, 0x00 },	/* screen 1c r6 c12 */
	{ 0x00, 0xbc, 0x36, 0x32, 0x1a, 0x0c, 0x1a, 0x12, 0x01, 0x0c, 0x00, 0x00, 0x1a, 0x12, 0x00, 0x4f },	/* screen 1c r11 c12 */
	{ 0x00, 0xbd, 0x63, 0x37, 0x00, 0x00, 0x1a, 0x0c, 0x0d, 0x37, 0x00, 0x00, 0x1a, 0x0c, 0x35, 0x00 },	/* screen 1c r11 c13 */
	{ 0x00, 0xcc, 0x37, 0x33, 0x1a, 0x0c, 0x1a, 0x12, 0x0d, 0x0e, 0x00, 0x00, 0x1a, 0x12, 0x35, 0x50 },	/* screen 1c r12 c12 */
	{ 0x00, 0xdc, 0x4e, 0x34, 0x00, 0x00, 0x1a, 0x12, 0x0f, 0x34, 0x00, 0x00, 0x1a, 0x12, 0x07, 0x00 },	/* screen 1c r13 c12 */
	{ 0x00, 0xed, 0x4e, 0x34, 0x00, 0x00, 0x1a, 0x12, 0x0f, 0x34, 0x00, 0x00, 0x1a, 0x12, 0x07, 0x00 },	/* screen 1c r14 c13 */
	{ 0x00, 0xfe, 0x4e, 0x34, 0x00, 0x00, 0x1a, 0x12, 0x0f, 0x34, 0x00, 0x00, 0x1a, 0x12, 0x07, 0x00 },	/* screen 1c r15 c14 */
	{ 0x01, 0x0f, 0x4e, 0x34, 0x00, 0x00, 0x1a, 0x12, 0x10, 0x34, 0x00, 0x00, 0x1a, 0x12, 0x08, 0x00 },	/* screen 1c r16 c15 */
	{ 0x00, 0xb5, 0x4e, 0x9a, 0x00, 0x00, 0x12, 0x18, 0x0b, 0x9a, 0x00, 0x00, 0x12, 0x18, 0x15, 0x00 },	/* screen 1d r11 c5 */
	{ 0x00, 0xc0, 0x63, 0x37, 0x00, 0x00, 0x0e, 0x1c, 0x0c, 0x37, 0x00, 0x00, 0x0e, 0x1c, 0x35, 0x00 },	/* screen 1d r12 c0 */
	{ 0x00, 0xc1, 0x74, 0x34, 0x00, 0x00, 0x0e, 0x1c, 0x0d, 0x34, 0x00, 0x00, 0x0e, 0x1c, 0x17, 0x00 },	/* screen 1d r12 c1 */
	{ 0x00, 0xc6, 0x4e, 0x9a, 0x00, 0x00, 0x14, 0x18, 0x0b, 0x9a, 0x00, 0x00, 0x14, 0x18, 0x15, 0x00 },	/* screen 1d r12 c6 */
	{ 0x00, 0xd2, 0x74, 0x34, 0x00, 0x00, 0x0e, 0x1c, 0x0d, 0x34, 0x00, 0x00, 0x0e, 0x1c, 0x17, 0x00 },	/* screen 1d r13 c2 */
	{ 0x00, 0xe3, 0x74, 0x34, 0x00, 0x00, 0x0e, 0x1c, 0x0d, 0x34, 0x00, 0x00, 0x0e, 0x1c, 0x17, 0x00 },	/* screen 1d r14 c3 */
	{ 0x00, 0xf4, 0x74, 0x34, 0x00, 0x00, 0x0e, 0x1c, 0x0d, 0x34, 0x00, 0x00, 0x0e, 0x1c, 0x17, 0x00 },	/* screen 1d r15 c4 */
	{ 0x01, 0x05, 0x74, 0x34, 0x00, 0x00, 0x0e, 0x1c, 0x0d, 0x34, 0x00, 0x00, 0x0e, 0x1c, 0x17, 0x00 },	/* screen 1d r16 c5 */
	{ 0x01, 0x07, 0x4d, 0xc4, 0x00, 0x00, 0x20, 0x1b, 0x0e, 0xc4, 0x00, 0x00, 0x20, 0x1b, 0x05, 0x00 },	/* screen 1d r16 c7 */
	{ 0x01, 0x36, 0x98, 0x9b, 0x00, 0x00, 0x20, 0x1b, 0x01, 0x85, 0x00, 0x00, 0x20, 0x1b, 0x00, 0x14 },	/* screen 1d r19 c6 */
	{ 0x00, 0x03, 0x74, 0x34, 0x00, 0x00, 0x04, 0x0e, 0x0b, 0x34, 0x00, 0x00, 0x04, 0x0e, 0x17, 0x00 },	/* screen 1f r0 c3 */
	{ 0x00, 0x07, 0x4e, 0xc4, 0x00, 0x00, 0x11, 0x0c, 0x0c, 0xc4, 0x00, 0x00, 0x11, 0x0c, 0x15, 0x00 },	/* screen 1f r0 c7 */
	{ 0x00, 0x29, 0x4e, 0x9a, 0x00, 0x00, 0x10, 0x0c, 0x0c, 0x9a, 0x00, 0x00, 0x10, 0x0c, 0x15, 0x00 },	/* screen 1f r2 c9 */
	{ 0x00, 0x36, 0x36, 0x9b, 0x00, 0x00, 0x11, 0x0c, 0x0d, 0x9b, 0x00, 0x00, 0x11, 0x0c, 0x51, 0x00 },	/* screen 1f r3 c6 */
	{ 0x00, 0x45, 0x36, 0x9b, 0x00, 0x00, 0x11, 0x14, 0x0d, 0x9b, 0x00, 0x00, 0x11, 0x14, 0x51, 0x00 },	/* screen 1f r4 c5 */
	{ 0x00, 0x46, 0x37, 0x97, 0x00, 0x00, 0x10, 0x12, 0x0e, 0x97, 0x00, 0x00, 0x10, 0x12, 0x52, 0x00 },	/* screen 1f r4 c6 */
	{ 0x00, 0x55, 0x37, 0x97, 0x00, 0x00, 0x10, 0x14, 0x0e, 0x97, 0x00, 0x00, 0x10, 0x14, 0x52, 0x00 },	/* screen 1f r5 c5 */
	{ 0x00, 0x62, 0x35, 0xfb, 0x00, 0x00, 0x11, 0x14, 0x0f, 0xfb, 0x00, 0x00, 0x11, 0x14, 0x53, 0x00 },	/* screen 1f r6 c2 */
	{ 0x00, 0x64, 0x4d, 0x37, 0x00, 0x00, 0x00, 0x00, 0x10, 0x37, 0x00, 0x00, 0x00, 0x00, 0x54, 0x00 },	/* screen 1f r6 c4 */
	{ 0x00, 0x65, 0x4e, 0x9a, 0x00, 0x00, 0x10, 0x14, 0x11, 0x9a, 0x00, 0x00, 0x10, 0x14, 0x05, 0x00 },	/* screen 1f r6 c5 */
	{ 0x00, 0x72, 0x36, 0x9b, 0x00, 0x00, 0x11, 0x14, 0x12, 0x9b, 0x00, 0x00, 0x11, 0x14, 0x55, 0x00 },	/* screen 1f r7 c2 */
	{ 0x00, 0x73, 0x4d, 0x37, 0x00, 0x00, 0x00, 0x00, 0x10, 0x37, 0x00, 0x00, 0x00, 0x00, 0x54, 0x00 },	/* screen 1f r7 c3 */
	{ 0x00, 0x76, 0x4e, 0x9a, 0x00, 0x00, 0x10, 0x12, 0x11, 0x9a, 0x00, 0x00, 0x10, 0x12, 0x05, 0x00 },	/* screen 1f r7 c6 */
	{ 0x00, 0x82, 0x37, 0x97, 0x00, 0x00, 0x10, 0x1a, 0x13, 0x97, 0x00, 0x00, 0x10, 0x1a, 0x56, 0x00 },	/* screen 1f r8 c2 */
	{ 0x00, 0x91, 0x4d, 0x37, 0x00, 0x00, 0x00, 0x00, 0x14, 0x37, 0x00, 0x00, 0x00, 0x00, 0x57, 0x00 },	/* screen 1f r9 c1 */
	{ 0x01, 0x32, 0x28, 0x58, 0x16, 0x20, 0x16, 0x20, 0x15, 0x58, 0x00, 0x00, 0x16, 0x20, 0x25, 0x00 },	/* screen 1f r19 c2 */
	{ 0x00, 0x19, 0x58, 0x47, 0x00, 0x00, 0x00, 0x00, 0x0b, 0x47, 0x00, 0x00, 0x00, 0x00, 0x58, 0x00 },	/* screen 20 r1 c9 */
	{ 0x00, 0x2b, 0x2b, 0x20, 0x00, 0x00, 0x00, 0x00, 0x0c, 0x20, 0x00, 0x00, 0x00, 0x00, 0x39, 0x00 },	/* screen 20 r2 c11 */
	{ 0x01, 0x1c, 0x62, 0x58, 0x00, 0x00, 0x1e, 0x14, 0x0d, 0x58, 0x00, 0x00, 0x1e, 0x14, 0x59, 0x00 },	/* screen 20 r17 c12 */
	{ 0x01, 0x2b, 0x62, 0x58, 0x00, 0x00, 0x1e, 0x14, 0x0d, 0x58, 0x00, 0x00, 0x1e, 0x14, 0x59, 0x00 },	/* screen 20 r18 c11 */
	{ 0x00, 0x28, 0x36, 0x32, 0x00, 0x00, 0x10, 0x10, 0x0b, 0x32, 0x00, 0x00, 0x10, 0x10, 0x5a, 0x00 },	/* screen 21 r2 c8 */
	{ 0x00, 0x29, 0x44, 0x37, 0x00, 0x00, 0x00, 0x00, 0x0c, 0x37, 0x00, 0x00, 0x00, 0x00, 0x5b, 0x00 },	/* screen 21 r2 c9 */
	{ 0x00, 0x4a, 0x45, 0x36, 0x00, 0x00, 0x14, 0x0e, 0x0d, 0x36, 0x00, 0x00, 0x14, 0x0e, 0x5c, 0x00 },	/* screen 21 r4 c10 */
	{ 0x00, 0x78, 0x2b, 0xac, 0x00, 0x00, 0x00, 0x00, 0x0e, 0xac, 0x00, 0x00, 0x00, 0x00, 0x39, 0x00 },	/* screen 21 r7 c8 */
	{ 0x01, 0x02, 0x2b, 0x7f, 0x00, 0x00, 0x12, 0x1e, 0x0f, 0x7f, 0x00, 0x00, 0x12, 0x1e, 0x28, 0x00 },	/* screen 21 r16 c2 */
	{ 0x01, 0x13, 0x2b, 0x7f, 0x00, 0x00, 0x12, 0x1e, 0x0f, 0x7f, 0x00, 0x00, 0x12, 0x1e, 0x28, 0x00 },	/* screen 21 r17 c3 */
	{ 0x01, 0x24, 0x2b, 0x7f, 0x00, 0x00, 0x12, 0x1e, 0x0f, 0x7f, 0x00, 0x00, 0x12, 0x1e, 0x28, 0x00 },	/* screen 21 r18 c4 */
	{ 0x00, 0xef, 0x28, 0x58, 0x00, 0x00, 0x1e, 0x0e, 0x0b, 0x58, 0x00, 0x00, 0x1e, 0x0e, 0x25, 0x00 },	/* screen 22 r14 c15 */
	{ 0x00, 0xfe, 0x28, 0x58, 0x00, 0x00, 0x1e, 0x0e, 0x0b, 0x58, 0x00, 0x00, 0x1e, 0x0e, 0x25, 0x00 },	/* screen 22 r15 c14 */
	{ 0x01, 0x2b, 0x28, 0x58, 0x00, 0x00, 0x1e, 0x16, 0x0b, 0x58, 0x00, 0x00, 0x1e, 0x16, 0x25, 0x00 },	/* screen 22 r18 c11 */
	{ 0x00, 0x05, 0xac, 0x60, 0x00, 0x00, 0x0e, 0x12, 0x0b, 0x60, 0x00, 0x00, 0x0e, 0x12, 0x5d, 0x00 },	/* screen 23 r0 c5 */
	{ 0x00, 0xda, 0x29, 0xf1, 0x1a, 0x0e, 0x28, 0x27, 0x0c, 0xf1, 0x1a, 0x0e, 0x28, 0x27, 0x24, 0x00 },	/* screen 23 r13 c10 */
	{ 0x00, 0xe9, 0x29, 0xef, 0x1a, 0x0e, 0x28, 0x27, 0x0c, 0xef, 0x1a, 0x0e, 0x28, 0x27, 0x24, 0x00 },	/* screen 23 r14 c9 */
	{ 0x01, 0x09, 0x98, 0x9b, 0x1f, 0x1d, 0x28, 0x27, 0x09, 0x80, 0x1a, 0x0e, 0x28, 0x27, 0x00, 0x14 },	/* screen 23 r16 c9 */
	{ 0x00, 0x8d, 0x6a, 0x7f, 0x00, 0x00, 0x00, 0x00, 0x0b, 0x7f, 0x00, 0x00, 0x00, 0x00, 0x5e, 0x00 },	/* screen 24 r8 c13 */
	{ 0x00, 0x2a, 0x62, 0x98, 0x00, 0x00, 0x00, 0x00, 0x0b, 0x98, 0x00, 0x00, 0x00, 0x00, 0x59, 0x00 },	/* screen 25 r2 c10 */
	{ 0x00, 0xb1, 0x62, 0x58, 0x0e, 0x1a, 0x0e, 0x1a, 0x0b, 0x58, 0x00, 0x00, 0x0e, 0x1a, 0x59, 0x00 },	/* screen 25 r11 c1 */
	{ 0x00, 0xcd, 0x28, 0x58, 0x1a, 0x0e, 0x1a, 0x0e, 0x0c, 0x58, 0x00, 0x00, 0x1a, 0x0e, 0x25, 0x00 },	/* screen 25 r12 c13 */
	{ 0x00, 0xfa, 0x28, 0x58, 0x1a, 0x16, 0x1c, 0x16, 0x0c, 0x58, 0x00, 0x00, 0x1c, 0x16, 0x25, 0x00 },	/* screen 25 r15 c10 */
	{ 0x00, 0x82, 0x62, 0x58, 0x0c, 0x16, 0x0c, 0x16, 0x0b, 0x58, 0x00, 0x00, 0x0c, 0x16, 0x3f, 0x00 },	/* screen 26 r8 c2 */
	{ 0x00, 0xcd, 0x4e, 0x9a, 0x00, 0x00, 0x1d, 0x11, 0x0c, 0x9a, 0x00, 0x00, 0x1d, 0x11, 0x15, 0x00 },	/* screen 26 r12 c13 */
	{ 0x00, 0xdd, 0x59, 0x9a, 0x00, 0x00, 0x1d, 0x11, 0x0d, 0x9a, 0x00, 0x00, 0x1d, 0x11, 0x5f, 0x00 },	/* screen 26 r13 c13 */
	{ 0x00, 0xe2, 0x2b, 0x7f, 0x0e, 0x1c, 0x12, 0x1e, 0x0e, 0x7f, 0x0e, 0x1c, 0x12, 0x1e, 0x28, 0x00 },	/* screen 26 r14 c2 */
	{ 0x00, 0xf3, 0x2b, 0x7f, 0x0e, 0x1c, 0x12, 0x1e, 0x0e, 0x7f, 0x0e, 0x1c, 0x12, 0x1e, 0x28, 0x00 },	/* screen 26 r15 c3 */
	{ 0x01, 0x0a, 0x59, 0x9a, 0x00, 0x00, 0x1d, 0x17, 0x0d, 0x9a, 0x00, 0x00, 0x1d, 0x17, 0x5f, 0x00 },	/* screen 26 r16 c10 */
	{ 0x00, 0x7c, 0x6a, 0x22, 0x00, 0x00, 0x1e, 0x12, 0x0b, 0x22, 0x00, 0x00, 0x1e, 0x12, 0x01, 0x00 },	/* screen 27 r7 c12 */
	{ 0x00, 0x8d, 0x6a, 0x22, 0x00, 0x00, 0x1e, 0x12, 0x0b, 0x22, 0x00, 0x00, 0x1e, 0x12, 0x01, 0x00 },	/* screen 27 r8 c13 */
	{ 0x00, 0x7e, 0x2d, 0x26, 0x00, 0x00, 0x18, 0x0e, 0x0b, 0x26, 0x00, 0x00, 0x18, 0x0e, 0x0f, 0x00 },	/* screen 2a r7 c14 */
	{ 0x00, 0xa1, 0x2d, 0x9c, 0x0d, 0x19, 0x0e, 0x1b, 0x0c, 0x9c, 0x0d, 0x19, 0x0e, 0x1b, 0x23, 0x00 },	/* screen 2a r10 c1 */
	{ 0x00, 0xbd, 0x2b, 0xb1, 0x00, 0x00, 0x00, 0x00, 0x0d, 0xb1, 0x00, 0x00, 0x00, 0x00, 0x60, 0x00 },	/* screen 2a r11 c13 */
	{ 0x01, 0x04, 0x28, 0x9c, 0x00, 0x00, 0x00, 0x00, 0x0e, 0x9c, 0x00, 0x00, 0x00, 0x00, 0x25, 0x00 },	/* screen 2a r16 c4 */
	{ 0x01, 0x07, 0x2b, 0x9c, 0x00, 0x00, 0x00, 0x00, 0x0f, 0x9c, 0x00, 0x00, 0x00, 0x00, 0x28, 0x00 },	/* screen 2a r16 c7 */
	{ 0x01, 0x1a, 0xb1, 0x97, 0x00, 0x00, 0x1e, 0x1c, 0x14, 0x97, 0x00, 0x00, 0x1e, 0x1c, 0x61, 0x00 },	/* screen 2a r17 c10 */
	{ 0x01, 0x29, 0x2b, 0x9a, 0x00, 0x00, 0x1e, 0x1c, 0x0f, 0x9a, 0x00, 0x00, 0x1e, 0x1c, 0x28, 0x00 },	/* screen 2a r18 c9 */
	{ 0x01, 0x2a, 0xb3, 0x9a, 0x00, 0x00, 0x1e, 0x1c, 0x15, 0x9a, 0x00, 0x00, 0x1e, 0x1c, 0x62, 0x00 },	/* screen 2a r18 c10 */
	{ 0x00, 0xaf, 0x63, 0x23, 0x1d, 0x0d, 0x1d, 0x0d, 0x0b, 0x23, 0x00, 0x00, 0x1d, 0x0d, 0x63, 0x00 },	/* screen 2b r10 c15 */
	{ 0x00, 0xbe, 0x63, 0x23, 0x1d, 0x0d, 0x1d, 0x0d, 0x0c, 0x23, 0x00, 0x00, 0x1d, 0x0d, 0x64, 0x00 },	/* screen 2b r11 c14 */
	{ 0x00, 0xcd, 0x63, 0x23, 0x1d, 0x0d, 0x1d, 0x11, 0x0c, 0x23, 0x00, 0x00, 0x1d, 0x11, 0x64, 0x00 },	/* screen 2b r12 c13 */
	{ 0x00, 0xdc, 0x63, 0x23, 0x1d, 0x0d, 0x1d, 0x11, 0x0c, 0x23, 0x00, 0x00, 0x1d, 0x11, 0x64, 0x00 },	/* screen 2b r13 c12 */
	{ 0x00, 0xeb, 0x63, 0x23, 0x1d, 0x0d, 0x1d, 0x11, 0x0c, 0x23, 0x00, 0x00, 0x1d, 0x11, 0x64, 0x00 },	/* screen 2b r14 c11 */
	{ 0x00, 0xfa, 0x63, 0x23, 0x1d, 0x0d, 0x1d, 0x11, 0x0c, 0x23, 0x00, 0x00, 0x1d, 0x11, 0x64, 0x00 },	/* screen 2b r15 c10 */
	{ 0x00, 0x0a, 0x2d, 0x8e, 0x0e, 0x0c, 0x10, 0x0b, 0x0b, 0x8e, 0x0e, 0x0c, 0x10, 0x0b, 0x65, 0x00 },	/* screen 2c r0 c10 */
	{ 0x00, 0x64, 0x4d, 0x9a, 0x00, 0x00, 0x0f, 0x15, 0x0c, 0x9a, 0x00, 0x00, 0x0f, 0x15, 0x66, 0x00 },	/* screen 2c r6 c4 */
	{ 0x00, 0x6b, 0x6a, 0x20, 0x10, 0x0c, 0x10, 0x0d, 0x4e, 0x0d, 0x00, 0x00, 0x10, 0x0d, 0x00, 0x67 },	/* screen 2c r6 c11 */
	{ 0x00, 0x55, 0x28, 0x58, 0x0c, 0x10, 0x0c, 0x10, 0x0b, 0x58, 0x00, 0x00, 0x0c, 0x10, 0x38, 0x00 },	/* screen 2d r5 c5 */
	{ 0x00, 0x7c, 0x4f, 0x9a, 0x00, 0x00, 0x15, 0x0d, 0x0c, 0x9a, 0x00, 0x00, 0x15, 0x0d, 0x5f, 0x00 },	/* screen 2d r7 c12 */
	{ 0x00, 0x82, 0x28, 0x58, 0x0c, 0x16, 0x0c, 0x16, 0x0b, 0x58, 0x00, 0x00, 0x0c, 0x16, 0x38, 0x00 },	/* screen 2d r8 c2 */
	{ 0x00, 0xca, 0x59, 0x88, 0x00, 0x00, 0x1a, 0x16, 0x0d, 0x88, 0x00, 0x00, 0x1a, 0x16, 0x68, 0x00 },	/* screen 2d r12 c10 */
	{ 0x00, 0xd2, 0x74, 0x34, 0x00, 0x00, 0x10, 0x1c, 0x0e, 0x34, 0x00, 0x00, 0x10, 0x1c, 0x31, 0x00 },	/* screen 2d r13 c2 */
	{ 0x00, 0xe3, 0x74, 0x34, 0x00, 0x00, 0x10, 0x1c, 0x0e, 0x34, 0x00, 0x00, 0x10, 0x1c, 0x31, 0x00 },	/* screen 2d r14 c3 */
	{ 0x00, 0xed, 0x28, 0x58, 0x1a, 0x0c, 0x1c, 0x10, 0x0b, 0x58, 0x00, 0x00, 0x1c, 0x10, 0x38, 0x00 },	/* screen 2d r14 c13 */
	{ 0x00, 0xf4, 0x74, 0x34, 0x00, 0x00, 0x10, 0x1c, 0x0e, 0x34, 0x00, 0x00, 0x10, 0x1c, 0x31, 0x00 },	/* screen 2d r15 c4 */
	{ 0x01, 0x05, 0x74, 0x34, 0x00, 0x00, 0x10, 0x1c, 0x0e, 0x34, 0x00, 0x00, 0x10, 0x1c, 0x31, 0x00 },	/* screen 2d r16 c5 */
	{ 0x01, 0x1a, 0x28, 0x58, 0x1a, 0x16, 0x1c, 0x16, 0x0b, 0x58, 0x00, 0x00, 0x1c, 0x16, 0x38, 0x00 },	/* screen 2d r17 c10 */
	{ 0x00, 0x51, 0x28, 0xc7, 0x0c, 0x0e, 0x13, 0x18, 0x0b, 0xc7, 0x0c, 0x0e, 0x13, 0x18, 0x18, 0x00 },	/* screen 2e r5 c1 */
	{ 0x00, 0x67, 0x2b, 0xf5, 0x00, 0x00, 0x12, 0x19, 0x0c, 0xf5, 0x00, 0x00, 0x12, 0x19, 0x28, 0x00 },	/* screen 2e r6 c7 */
	{ 0x00, 0x68, 0x28, 0xf9, 0x00, 0x00, 0x12, 0x19, 0x0d, 0xf9, 0x00, 0x00, 0x12, 0x19, 0x25, 0x00 },	/* screen 2e r6 c8 */
	{ 0x00, 0xd4, 0x29, 0x44, 0x00, 0x00, 0x00, 0x00, 0x0e, 0x44, 0x00, 0x00, 0x00, 0x00, 0x41, 0x00 },	/* screen 2e r13 c4 */
	{ 0x00, 0xe3, 0x29, 0x44, 0x00, 0x00, 0x00, 0x00, 0x0e, 0x44, 0x00, 0x00, 0x00, 0x00, 0x41, 0x00 },	/* screen 2e r14 c3 */
	{ 0x00, 0xf2, 0x29, 0x44, 0x00, 0x00, 0x00, 0x00, 0x0e, 0x44, 0x00, 0x00, 0x00, 0x00, 0x41, 0x00 },	/* screen 2e r15 c2 */
	{ 0x00, 0x8f, 0x29, 0x59, 0x00, 0x00, 0x00, 0x00, 0x0b, 0x59, 0x00, 0x00, 0x00, 0x00, 0x41, 0x00 },	/* screen 2f r8 c15 */
	{ 0x00, 0x9e, 0x29, 0xb1, 0x00, 0x00, 0x00, 0x00, 0x0b, 0xb1, 0x00, 0x00, 0x00, 0x00, 0x41, 0x00 },	/* screen 2f r9 c14 */
	{ 0x00, 0xe9, 0x4d, 0x29, 0x00, 0x00, 0x00, 0x00, 0x0c, 0x29, 0x00, 0x00, 0x00, 0x00, 0x66, 0x00 },	/* screen 2f r14 c9 */
	{ 0x00, 0xf8, 0x4d, 0x29, 0x00, 0x00, 0x00, 0x00, 0x0c, 0x29, 0x00, 0x00, 0x00, 0x00, 0x66, 0x00 },	/* screen 2f r15 c8 */
	{ 0x01, 0x07, 0x44, 0x29, 0x00, 0x00, 0x00, 0x00, 0x0d, 0x29, 0x00, 0x00, 0x00, 0x00, 0x69, 0x00 },	/* screen 2f r16 c7 */
	{ 0x01, 0x11, 0x98, 0x9b, 0x19, 0x25, 0x19, 0x28, 0x04, 0x80, 0x00, 0x00, 0x19, 0x28, 0x00, 0x14 },	/* screen 2f r17 c1 */
	{ 0x01, 0x14, 0x9a, 0xf8, 0x18, 0x1e, 0x19, 0x28, 0x04, 0x81, 0x00, 0x00, 0x19, 0x28, 0x00, 0x6a },	/* screen 2f r17 c4 */
	{ 0x01, 0x16, 0x29, 0xf1, 0x00, 0x00, 0x20, 0x27, 0x0b, 0xf1, 0x00, 0x00, 0x20, 0x27, 0x41, 0x00 },	/* screen 2f r17 c6 */
	{ 0x01, 0x21, 0x9a, 0x97, 0x18, 0x24, 0x19, 0x25, 0x04, 0x82, 0x00, 0x00, 0x19, 0x25, 0x00, 0x6b },	/* screen 2f r18 c1 */
	{ 0x01, 0x31, 0x9a, 0x9a, 0x18, 0x24, 0x19, 0x25, 0x04, 0x83, 0x00, 0x00, 0x19, 0x25, 0x00, 0x6c },	/* screen 2f r19 c1 */
	{ 0x00, 0x03, 0x2b, 0xf2, 0x00, 0x00, 0x0b, 0x1a, 0x0b, 0xf2, 0x00, 0x00, 0x0b, 0x1a, 0x2c, 0x00 },	/* screen 30 r0 c3 */
	{ 0x00, 0x14, 0x2b, 0xfa, 0x00, 0x00, 0x0b, 0x1a, 0x0b, 0xfa, 0x00, 0x00, 0x0b, 0x1a, 0x2c, 0x00 },	/* screen 30 r1 c4 */
	{ 0x00, 0x36, 0x2b, 0x7f, 0x00, 0x00, 0x00, 0x00, 0x0b, 0x7f, 0x00, 0x00, 0x00, 0x00, 0x2c, 0x00 },	/* screen 30 r3 c6 */
	{ 0x00, 0x69, 0x2b, 0x7f, 0x10, 0x0e, 0x10, 0x0e, 0x0b, 0x7f, 0x00, 0x00, 0x10, 0x0e, 0x2c, 0x00 },	/* screen 30 r6 c9 */
	{ 0x00, 0x71, 0x9a, 0xc5, 0x0b, 0x19, 0x13, 0x18, 0x04, 0x80, 0x00, 0x00, 0x13, 0x18, 0x00, 0x6d },	/* screen 30 r7 c1 */
	{ 0x00, 0x80, 0x2d, 0xbe, 0x00, 0x00, 0x13, 0x20, 0x0c, 0xbe, 0x00, 0x00, 0x13, 0x20, 0x3c, 0x00 },	/* screen 30 r8 c0 */
	{ 0x00, 0x9c, 0x2b, 0x7f, 0x16, 0x0e, 0x16, 0x0e, 0x0b, 0x7f, 0x00, 0x00, 0x16, 0x0e, 0x2c, 0x00 },	/* screen 30 r9 c12 */
	{ 0x00, 0xa2, 0x2d, 0x4f, 0x00, 0x00, 0x00, 0x00, 0x0c, 0x4f, 0x00, 0x00, 0x00, 0x00, 0x3c, 0x00 },	/* screen 30 r10 c2 */
	{ 0x00, 0xb3, 0x2d, 0x4f, 0x00, 0x00, 0x00, 0x00, 0x0c, 0x4f, 0x00, 0x00, 0x00, 0x00, 0x3c, 0x00 },	/* screen 30 r11 c3 */
	{ 0x00, 0x4c, 0x2b, 0xf1, 0x00, 0x00, 0x18, 0x13, 0x0b, 0xf1, 0x00, 0x00, 0x18, 0x13, 0x6e, 0x00 },	/* screen 31 r4 c12 */
	{ 0x00, 0x86, 0x4e, 0x2d, 0x00, 0x00, 0x00, 0x00, 0x0c, 0x2d, 0x00, 0x00, 0x00, 0x00, 0x6f, 0x00 },	/* screen 31 r8 c6 */
	{ 0x00, 0x97, 0x4e, 0x2d, 0x00, 0x00, 0x00, 0x00, 0x0c, 0x2d, 0x00, 0x00, 0x00, 0x00, 0x6f, 0x00 },	/* screen 31 r9 c7 */
	{ 0x00, 0xa8, 0x45, 0x2d, 0x00, 0x00, 0x00, 0x00, 0x0d, 0x2d, 0x00, 0x00, 0x00, 0x00, 0x46, 0x00 },	/* screen 31 r10 c8 */
	{ 0x00, 0xb9, 0x45, 0x2d, 0x00, 0x00, 0x00, 0x00, 0x0d, 0x2d, 0x00, 0x00, 0x00, 0x00, 0x46, 0x00 },	/* screen 31 r11 c9 */
	{ 0x00, 0xbb, 0x9a, 0xc5, 0x18, 0x12, 0x21, 0x12, 0x04, 0x80, 0x00, 0x00, 0x21, 0x12, 0x00, 0x6d },	/* screen 31 r11 c11 */
	{ 0x00, 0xbe, 0x97, 0x9b, 0x1e, 0x12, 0x21, 0x12, 0x04, 0x81, 0x00, 0x00, 0x21, 0x12, 0x00, 0x14 },	/* screen 31 r11 c14 */
	{ 0x00, 0xca, 0x2d, 0xbe, 0x00, 0x00, 0x21, 0x1a, 0x0e, 0xbe, 0x00, 0x00, 0x21, 0x1a, 0x3c, 0x00 },	/* screen 31 r12 c10 */
	{ 0x00, 0xce, 0x9a, 0x97, 0x1e, 0x12, 0x20, 0x12, 0x04, 0x82, 0x00, 0x00, 0x20, 0x12, 0x00, 0x6b },	/* screen 31 r12 c14 */
	{ 0x00, 0xda, 0xb1, 0xbd, 0x00, 0x00, 0x21, 0x1a, 0x0f, 0xbd, 0x00, 0x00, 0x21, 0x1a, 0x70, 0x00 },	/* screen 31 r13 c10 */
	{ 0x00, 0xde, 0x9a, 0x9a, 0x1e, 0x12, 0x20, 0x12, 0x04, 0x83, 0x00, 0x00, 0x20, 0x12, 0x00, 0x6c },	/* screen 31 r13 c14 */
	{ 0x00, 0xec, 0x2d, 0x45, 0x00, 0x00, 0x00, 0x00, 0x0e, 0x45, 0x00, 0x00, 0x00, 0x00, 0x3c, 0x00 },	/* screen 31 r14 c12 */
	{ 0x00, 0xee, 0x9a, 0x9a, 0x1e, 0x12, 0x20, 0x12, 0x04, 0x83, 0x00, 0x00, 0x20, 0x12, 0x00, 0x6c },	/* screen 31 r14 c14 */
	{ 0x00, 0xfd, 0x2d, 0x45, 0x00, 0x00, 0x00, 0x00, 0x0e, 0x45, 0x00, 0x00, 0x00, 0x00, 0x3c, 0x00 },	/* screen 31 r15 c13 */
	{ 0x01, 0x11, 0x2b, 0x7f, 0x12, 0x1e, 0x12, 0x20, 0x10, 0x7f, 0x00, 0x00, 0x12, 0x20, 0x39, 0x00 },	/* screen 31 r17 c1 */
	{ 0x00, 0xec, 0x45, 0xc0, 0x00, 0x00, 0x28, 0x19, 0x0b, 0xc0, 0x00, 0x00, 0x28, 0x19, 0x71, 0x00 },	/* screen 32 r14 c12 */
	{ 0x01, 0x0f, 0x98, 0x9b, 0x26, 0x16, 0x28, 0x11, 0x01, 0x85, 0x00, 0x00, 0x28, 0x11, 0x00, 0x14 },	/* screen 32 r16 c15 */
	{ 0x01, 0x16, 0x44, 0x97, 0x00, 0x00, 0x1c, 0x20, 0x0c, 0x97, 0x00, 0x00, 0x1c, 0x20, 0x72, 0x00 },	/* screen 32 r17 c6 */
	{ 0x01, 0x1f, 0x45, 0x97, 0x00, 0x00, 0x26, 0x16, 0x0b, 0x97, 0x00, 0x00, 0x26, 0x16, 0x71, 0x00 },	/* screen 32 r17 c15 */
	{ 0x00, 0x7a, 0x44, 0x97, 0x00, 0x00, 0x16, 0x12, 0x0b, 0x97, 0x00, 0x00, 0x16, 0x12, 0x72, 0x00 },	/* screen 33 r7 c10 */
	{ 0x00, 0x07, 0x63, 0xbf, 0x00, 0x00, 0x13, 0x10, 0x0b, 0xbf, 0x00, 0x00, 0x13, 0x10, 0x73, 0x00 },	/* screen 34 r0 c7 */
	{ 0x00, 0x25, 0x63, 0xc6, 0x00, 0x00, 0x13, 0x10, 0x0b, 0xc6, 0x00, 0x00, 0x13, 0x10, 0x73, 0x00 },	/* screen 34 r2 c5 */
	{ 0x00, 0x55, 0xfb, 0xef, 0x13, 0x10, 0x12, 0x19, 0x0c, 0x80, 0x00, 0x00, 0x12, 0x19, 0x19, 0x74 },	/* screen 34 r5 c5 */
	{ 0x00, 0x75, 0x97, 0x9b, 0x12, 0x16, 0x12, 0x19, 0x04, 0x81, 0x00, 0x00, 0x12, 0x19, 0x00, 0x14 },	/* screen 34 r7 c5 */
	{ 0x00, 0x78, 0x9a, 0xf8, 0x12, 0x10, 0x12, 0x19, 0x04, 0x82, 0x00, 0x00, 0x12, 0x19, 0x00, 0x6a },	/* screen 34 r7 c8 */
	{ 0x00, 0x85, 0x9a, 0x97, 0x12, 0x16, 0x12, 0x18, 0x04, 0x83, 0x00, 0x00, 0x12, 0x18, 0x00, 0x6b },	/* screen 34 r8 c5 */
	{ 0x00, 0x89, 0x29, 0xf0, 0x00, 0x00, 0x1a, 0x19, 0x0d, 0xf0, 0x00, 0x00, 0x1a, 0x19, 0x41, 0x00 },	/* screen 34 r8 c9 */
	{ 0x00, 0x95, 0x9a, 0x9a, 0x12, 0x16, 0x12, 0x18, 0x04, 0x84, 0x00, 0x00, 0x12, 0x18, 0x00, 0x6c },	/* screen 34 r9 c5 */
	{ 0x00, 0xa5, 0x9a, 0x9a, 0x12, 0x16, 0x12, 0x18, 0x04, 0x84, 0x00, 0x00, 0x12, 0x18, 0x00, 0x6c },	/* screen 34 r10 c5 */
	{ 0x00, 0xb6, 0x29, 0xbb, 0x00, 0x00, 0x00, 0x00, 0x0d, 0xbb, 0x00, 0x00, 0x00, 0x00, 0x41, 0x00 },	/* screen 34 r11 c6 */
	{ 0x00, 0xd2, 0x75, 0x75, 0x1e, 0x28, 0x1e, 0x28, 0x0e, 0x75, 0x00, 0x00, 0x1e, 0x28, 0x75, 0x00 },	/* screen 34 r13 c2 */
	{ 0x00, 0xd3, 0x76, 0x76, 0x1e, 0x28, 0x1e, 0x28, 0x0f, 0x76, 0x00, 0x00, 0x1e, 0x28, 0x76, 0x00 },	/* screen 34 r13 c3 */
	{ 0x00, 0xce, 0x63, 0x29, 0x00, 0x00, 0x00, 0x00, 0x0b, 0x29, 0x00, 0x00, 0x00, 0x00, 0x37, 0x00 },	/* screen 35 r12 c14 */
	{ 0x00, 0xdd, 0x63, 0x29, 0x00, 0x00, 0x00, 0x00, 0x0b, 0x29, 0x00, 0x00, 0x00, 0x00, 0x37, 0x00 },	/* screen 35 r13 c13 */
	{ 0x00, 0xe5, 0x45, 0x9a, 0x00, 0x00, 0x18, 0x1c, 0x0c, 0x9a, 0x00, 0x00, 0x18, 0x1c, 0x71, 0x00 },	/* screen 35 r14 c5 */
	{ 0x00, 0x49, 0x45, 0x9a, 0x00, 0x00, 0x13, 0x0f, 0x0b, 0x9a, 0x00, 0x00, 0x13, 0x0f, 0x71, 0x00 },	/* screen 36 r4 c9 */
	{ 0x00, 0x6b, 0x2d, 0x4f, 0x00, 0x00, 0x12, 0x0c, 0x0b, 0x4f, 0x00, 0x00, 0x12, 0x0c, 0x0f, 0x00 },	/* screen 39 r6 c11 */
	{ 0x00, 0x9e, 0x2d, 0x4f, 0x00, 0x00, 0x12, 0x0c, 0x0b, 0x4f, 0x00, 0x00, 0x12, 0x0c, 0x0f, 0x00 },	/* screen 39 r9 c14 */
	{ 0x00, 0x9f, 0x2d, 0xcf, 0x16, 0x0c, 0x29, 0x19, 0x0b, 0xcf, 0x16, 0x0c, 0x29, 0x19, 0x77, 0x00 },	/* screen 3c r9 c15 */
	{ 0x00, 0xc2, 0x2d, 0x34, 0x00, 0x00, 0x0e, 0x1a, 0x0c, 0x34, 0x00, 0x00, 0x0e, 0x1a, 0x0f, 0x00 },	/* screen 3c r12 c2 */
	{ 0x00, 0xc3, 0x33, 0x35, 0x0e, 0x1a, 0x12, 0x1a, 0x05, 0x0d, 0x00, 0x00, 0x12, 0x1a, 0x00, 0x78 },	/* screen 3c r12 c3 */
	{ 0x00, 0xd3, 0x34, 0x36, 0x0e, 0x1a, 0x12, 0x1a, 0x0e, 0x0f, 0x00, 0x00, 0x12, 0x1a, 0x79, 0x7a },	/* screen 3c r13 c3 */
	{ 0x00, 0x7a, 0x2b, 0x20, 0x00, 0x00, 0x00, 0x00, 0x0b, 0x20, 0x00, 0x00, 0x00, 0x00, 0x28, 0x00 },	/* screen 3d r7 c10 */
	{ 0x00, 0x7c, 0x6a, 0x96, 0x00, 0x00, 0x16, 0x0c, 0x0c, 0x96, 0x00, 0x00, 0x16, 0x0c, 0x01, 0x00 },	/* screen 3d r7 c12 */
	{ 0x00, 0xec, 0x4d, 0x9a, 0x00, 0x00, 0x1c, 0x12, 0x0d, 0x9a, 0x00, 0x00, 0x1c, 0x12, 0x15, 0x00 },	/* screen 3d r14 c12 */
	{ 0x00, 0xfb, 0x4d, 0x9a, 0x00, 0x00, 0x1c, 0x12, 0x0d, 0x9a, 0x00, 0x00, 0x1c, 0x12, 0x15, 0x00 },	/* screen 3d r15 c11 */
	{ 0x01, 0x0a, 0x4d, 0x9a, 0x00, 0x00, 0x1c, 0x12, 0x0d, 0x9a, 0x00, 0x00, 0x1c, 0x12, 0x15, 0x00 },	/* screen 3d r16 c10 */
	{ 0x01, 0x19, 0x4d, 0x9a, 0x00, 0x00, 0x1c, 0x12, 0x0d, 0x9a, 0x00, 0x00, 0x1c, 0x12, 0x15, 0x00 },	/* screen 3d r17 c9 */
	{ 0x00, 0x1a, 0x76, 0xcb, 0x00, 0x00, 0x00, 0x00, 0x0b, 0xcb, 0x00, 0x00, 0x00, 0x00, 0x7b, 0x00 },	/* screen 3e r1 c10 */
	{ 0x00, 0x2b, 0x76, 0xcb, 0x00, 0x00, 0x00, 0x00, 0x0b, 0xcb, 0x00, 0x00, 0x00, 0x00, 0x7b, 0x00 },	/* screen 3e r2 c11 */
	{ 0x00, 0x58, 0x2b, 0x96, 0x00, 0x00, 0x10, 0x0e, 0x0c, 0x96, 0x00, 0x00, 0x10, 0x0e, 0x28, 0x00 },	/* screen 3e r5 c8 */
	{ 0x00, 0x7a, 0x2b, 0x96, 0x00, 0x00, 0x14, 0x0e, 0x0c, 0x96, 0x00, 0x00, 0x14, 0x0e, 0x28, 0x00 },	/* screen 3e r7 c10 */
	{ 0x00, 0x9c, 0x2b, 0x1a, 0x00, 0x00, 0x00, 0x00, 0x0c, 0x1a, 0x00, 0x00, 0x00, 0x00, 0x28, 0x00 },	/* screen 3e r9 c12 */
	{ 0x00, 0xa3, 0x2d, 0x4f, 0x00, 0x00, 0x00, 0x00, 0x0d, 0x4f, 0x00, 0x00, 0x00, 0x00, 0x0f, 0x00 },	/* screen 3e r10 c3 */
	{ 0x00, 0xb4, 0x2d, 0x80, 0x00, 0x00, 0x00, 0x00, 0x0d, 0x80, 0x00, 0x00, 0x00, 0x00, 0x0f, 0x00 },	/* screen 3e r11 c4 */
	{ 0x00, 0xcf, 0x33, 0x35, 0x00, 0x00, 0x1e, 0x0e, 0x0e, 0x35, 0x00, 0x00, 0x1e, 0x0e, 0x04, 0x00 },	/* screen 3e r12 c15 */
	{ 0x00, 0xdf, 0x34, 0x36, 0x00, 0x00, 0x1e, 0x0e, 0x0f, 0x36, 0x00, 0x00, 0x1e, 0x0e, 0x7c, 0x00 },	/* screen 3e r13 c15 */
	{ 0x00, 0x34, 0x29, 0x5e, 0x00, 0x00, 0x00, 0x00, 0x0b, 0x5e, 0x00, 0x00, 0x00, 0x00, 0x24, 0x00 },	/* screen 3f r3 c4 */
	{ 0x00, 0x52, 0x29, 0x5e, 0x00, 0x00, 0x00, 0x00, 0x0b, 0x5e, 0x00, 0x00, 0x00, 0x00, 0x24, 0x00 },	/* screen 3f r5 c2 */
	{ 0x00, 0x5a, 0x2d, 0x80, 0x00, 0x00, 0x00, 0x00, 0x0c, 0x80, 0x00, 0x00, 0x00, 0x00, 0x0f, 0x00 },	/* screen 3f r5 c10 */
	{ 0x00, 0x70, 0x29, 0x5e, 0x00, 0x00, 0x00, 0x00, 0x0b, 0x5e, 0x00, 0x00, 0x00, 0x00, 0x24, 0x00 },	/* screen 3f r7 c0 */
	{ 0x00, 0x96, 0x29, 0x37, 0x00, 0x00, 0x13, 0x15, 0x0d, 0x37, 0x00, 0x00, 0x13, 0x15, 0x0a, 0x00 },	/* screen 3f r9 c6 */
	{ 0x00, 0xa5, 0x29, 0x37, 0x00, 0x00, 0x13, 0x15, 0x0d, 0x37, 0x00, 0x00, 0x13, 0x15, 0x0a, 0x00 },	/* screen 3f r10 c5 */
	{ 0x00, 0xb4, 0x29, 0x37, 0x00, 0x00, 0x13, 0x15, 0x0d, 0x37, 0x00, 0x00, 0x13, 0x15, 0x0a, 0x00 },	/* screen 3f r11 c4 */
	{ 0x00, 0xc3, 0x29, 0x37, 0x00, 0x00, 0x13, 0x15, 0x0d, 0x37, 0x00, 0x00, 0x13, 0x15, 0x0a, 0x00 },	/* screen 3f r12 c3 */
	{ 0x00, 0x10, 0x33, 0x35, 0x04, 0x14, 0x07, 0x15, 0x0b, 0x35, 0x04, 0x14, 0x07, 0x15, 0x7d, 0x00 },	/* screen 40 r1 c0 */
	{ 0x00, 0x20, 0x34, 0x36, 0x04, 0x14, 0x07, 0x15, 0x0c, 0x36, 0x04, 0x14, 0x07, 0x15, 0x7e, 0x00 },	/* screen 40 r2 c0 */
	{ 0x00, 0x30, 0xb1, 0x37, 0x00, 0x00, 0x07, 0x15, 0x0d, 0x37, 0x00, 0x00, 0x07, 0x15, 0x33, 0x00 },	/* screen 40 r3 c0 */
	{ 0x00, 0x39, 0x2b, 0x20, 0x00, 0x00, 0x00, 0x00, 0x0e, 0x20, 0x00, 0x00, 0x00, 0x00, 0x28, 0x00 },	/* screen 40 r3 c9 */
	{ 0x00, 0x4c, 0x2d, 0x1e, 0x00, 0x00, 0x15, 0x0c, 0x0f, 0x1e, 0x00, 0x00, 0x15, 0x0c, 0x0f, 0x00 },	/* screen 40 r4 c12 */
	{ 0x00, 0x5d, 0x72, 0x1e, 0x00, 0x00, 0x15, 0x0c, 0x10, 0x1e, 0x00, 0x00, 0x15, 0x0c, 0x7f, 0x00 },	/* screen 40 r5 c13 */
	{ 0x00, 0x6e, 0x2d, 0x14, 0x00, 0x00, 0x15, 0x0c, 0x0f, 0x14, 0x00, 0x00, 0x15, 0x0c, 0x0f, 0x00 },	/* screen 40 r6 c14 */
	{ 0x00, 0x73, 0x2d, 0x34, 0x00, 0x00, 0x0c, 0x16, 0x11, 0x34, 0x00, 0x00, 0x0c, 0x16, 0x80, 0x00 },	/* screen 40 r7 c3 */
	{ 0x00, 0x84, 0x2d, 0x34, 0x00, 0x00, 0x0c, 0x16, 0x0f, 0x34, 0x00, 0x00, 0x0c, 0x16, 0x0f, 0x00 },	/* screen 40 r8 c4 */
	{ 0x00, 0x8e, 0x2b, 0x20, 0x00, 0x00, 0x15, 0x0c, 0x0e, 0x20, 0x00, 0x00, 0x15, 0x0c, 0x28, 0x00 },	/* screen 40 r8 c14 */
	{ 0x00, 0x95, 0x2d, 0x34, 0x00, 0x00, 0x0c, 0x16, 0x0f, 0x34, 0x00, 0x00, 0x0c, 0x16, 0x0f, 0x00 },	/* screen 40 r9 c5 */
	{ 0x00, 0xa6, 0x2d, 0x34, 0x00, 0x00, 0x0c, 0x16, 0x0f, 0x34, 0x00, 0x00, 0x0c, 0x16, 0x0f, 0x00 },	/* screen 40 r10 c6 */
	{ 0x00, 0xb1, 0x74, 0x34, 0x00, 0x00, 0x0e, 0x1c, 0x12, 0x34, 0x00, 0x00, 0x0e, 0x1c, 0x17, 0x00 },	/* screen 40 r11 c1 */
	{ 0x00, 0xb7, 0x34, 0x2d, 0x00, 0x00, 0x00, 0x00, 0x0c, 0x2d, 0x00, 0x00, 0x00, 0x00, 0x7e, 0x00 },	/* screen 40 r11 c7 */
	{ 0x00, 0xc2, 0x74, 0x34, 0x00, 0x00, 0x0e, 0x1c, 0x12, 0x34, 0x00, 0x00, 0x0e, 0x1c, 0x17, 0x00 },	/* screen 40 r12 c2 */
	{ 0x00, 0xc3, 0x4d, 0x33, 0x00, 0x00, 0x0e, 0x1c, 0x13, 0x33, 0x00, 0x00, 0x0e, 0x1c, 0x05, 0x00 },	/* screen 40 r12 c3 */
	{ 0x00, 0xc8, 0x34, 0x2d, 0x00, 0x00, 0x00, 0x00, 0x0c, 0x2d, 0x00, 0x00, 0x00, 0x00, 0x7e, 0x00 },	/* screen 40 r12 c8 */
	{ 0x00, 0xd3, 0x74, 0x34, 0x00, 0x00, 0x0e, 0x1c, 0x12, 0x34, 0x00, 0x00, 0x0e, 0x1c, 0x17, 0x00 },	/* screen 40 r13 c3 */
	{ 0x00, 0xd9, 0x34, 0x2d, 0x00, 0x00, 0x00, 0x00, 0x0c, 0x2d, 0x00, 0x00, 0x00, 0x00, 0x7e, 0x00 },	/* screen 40 r13 c9 */
	{ 0x00, 0xe4, 0x74, 0x34, 0x00, 0x00, 0x0e, 0x1c, 0x12, 0x34, 0x00, 0x00, 0x0e, 0x1c, 0x17, 0x00 },	/* screen 40 r14 c4 */
	{ 0x00, 0xea, 0x34, 0x2d, 0x00, 0x00, 0x00, 0x00, 0x0c, 0x2d, 0x00, 0x00, 0x00, 0x00, 0x7e, 0x00 },	/* screen 40 r14 c10 */
	{ 0x00, 0xf5, 0x74, 0x34, 0x00, 0x00, 0x0e, 0x1c, 0x12, 0x34, 0x00, 0x00, 0x0e, 0x1c, 0x17, 0x00 },	/* screen 40 r15 c5 */
	{ 0x00, 0xfb, 0x2d, 0x34, 0x00, 0x00, 0x1c, 0x16, 0x0f, 0x34, 0x00, 0x00, 0x1c, 0x16, 0x0f, 0x00 },	/* screen 40 r15 c11 */
	{ 0x01, 0x06, 0x74, 0x34, 0x00, 0x00, 0x0e, 0x1c, 0x12, 0x34, 0x00, 0x00, 0x0e, 0x1c, 0x17, 0x00 },	/* screen 40 r16 c6 */
	{ 0x01, 0x0c, 0x2d, 0x34, 0x00, 0x00, 0x1c, 0x16, 0x0f, 0x34, 0x00, 0x00, 0x1c, 0x16, 0x0f, 0x00 },	/* screen 40 r16 c12 */
	{ 0x01, 0x0f, 0x33, 0x35, 0x22, 0x14, 0x24, 0x14, 0x05, 0x1b, 0x00, 0x00, 0x24, 0x14, 0x00, 0x78 },	/* screen 40 r16 c15 */
	{ 0x01, 0x17, 0x74, 0x34, 0x00, 0x00, 0x0e, 0x1c, 0x12, 0x34, 0x00, 0x00, 0x0e, 0x1c, 0x17, 0x00 },	/* screen 40 r17 c7 */
	{ 0x01, 0x1d, 0x2d, 0x34, 0x00, 0x00, 0x1c, 0x16, 0x0f, 0x34, 0x00, 0x00, 0x1c, 0x16, 0x0f, 0x00 },	/* screen 40 r17 c13 */
	{ 0x01, 0x2d, 0x2b, 0xac, 0x00, 0x00, 0x00, 0x00, 0x0e, 0xac, 0x00, 0x00, 0x00, 0x00, 0x28, 0x00 },	/* screen 40 r18 c13 */
	{ 0x00, 0x19, 0x2d, 0x72, 0x00, 0x00, 0x00, 0x00, 0x0b, 0x72, 0x00, 0x00, 0x00, 0x00, 0x23, 0x00 },	/* screen 41 r1 c9 */
	{ 0x00, 0x3b, 0x1e, 0x72, 0x00, 0x00, 0x00, 0x00, 0x0c, 0x72, 0x00, 0x00, 0x00, 0x00, 0x81, 0x00 },	/* screen 41 r3 c11 */
	{ 0x00, 0x7f, 0x2d, 0x72, 0x00, 0x00, 0x00, 0x00, 0x0b, 0x72, 0x00, 0x00, 0x00, 0x00, 0x23, 0x00 },	/* screen 41 r7 c15 */
	{ 0x00, 0x90, 0x62, 0x65, 0x0c, 0x14, 0x0c, 0x15, 0x59, 0x0d, 0x00, 0x00, 0x0c, 0x15, 0x00, 0x82 },	/* screen 41 r9 c0 */
	{ 0x00, 0xc7, 0x29, 0x37, 0x00, 0x00, 0x16, 0x16, 0x0e, 0x37, 0x00, 0x00, 0x16, 0x16, 0x0a, 0x00 },	/* screen 41 r12 c7 */
	{ 0x00, 0xd6, 0x29, 0x37, 0x00, 0x00, 0x16, 0x16, 0x0e, 0x37, 0x00, 0x00, 0x16, 0x16, 0x0a, 0x00 },	/* screen 41 r13 c6 */
	{ 0x00, 0xe5, 0x29, 0x37, 0x00, 0x00, 0x16, 0x16, 0x0e, 0x37, 0x00, 0x00, 0x16, 0x16, 0x0a, 0x00 },	/* screen 41 r14 c5 */
	{ 0x00, 0xf4, 0x29, 0x37, 0x00, 0x00, 0x16, 0x16, 0x0e, 0x37, 0x00, 0x00, 0x16, 0x16, 0x0a, 0x00 },	/* screen 41 r15 c4 */
	{ 0x00, 0xfb, 0x34, 0x2d, 0x00, 0x00, 0x00, 0x00, 0x0f, 0x2d, 0x00, 0x00, 0x00, 0x00, 0x83, 0x00 },	/* screen 41 r15 c11 */
	{ 0x01, 0x27, 0x37, 0x63, 0x00, 0x00, 0x00, 0x00, 0x10, 0x63, 0x00, 0x00, 0x00, 0x00, 0x52, 0x00 },	/* screen 41 r18 c7 */
	{ 0x01, 0x28, 0x34, 0x74, 0x00, 0x00, 0x00, 0x00, 0x11, 0x74, 0x00, 0x00, 0x00, 0x00, 0x84, 0x00 },	/* screen 41 r18 c8 */
	{ 0x01, 0x36, 0x37, 0x63, 0x00, 0x00, 0x00, 0x00, 0x10, 0x63, 0x00, 0x00, 0x00, 0x00, 0x52, 0x00 },	/* screen 41 r19 c6 */
	{ 0x01, 0x39, 0x34, 0x74, 0x00, 0x00, 0x00, 0x00, 0x11, 0x74, 0x00, 0x00, 0x00, 0x00, 0x84, 0x00 },	/* screen 41 r19 c9 */
	{ 0x00, 0x16, 0x29, 0x5e, 0x00, 0x00, 0x00, 0x00, 0x0b, 0x5e, 0x00, 0x00, 0x00, 0x00, 0x24, 0x00 },	/* screen 42 r1 c6 */
	{ 0x00, 0x34, 0x29, 0x5e, 0x00, 0x00, 0x00, 0x00, 0x0b, 0x5e, 0x00, 0x00, 0x00, 0x00, 0x24, 0x00 },	/* screen 42 r3 c4 */
	{ 0x00, 0x52, 0x29, 0x5e, 0x00, 0x00, 0x00, 0x00, 0x0b, 0x5e, 0x00, 0x00, 0x00, 0x00, 0x24, 0x00 },	/* screen 42 r5 c2 */
	{ 0x00, 0x70, 0x29, 0x5e, 0x00, 0x00, 0x00, 0x00, 0x0b, 0x5e, 0x00, 0x00, 0x00, 0x00, 0x24, 0x00 },	/* screen 42 r7 c0 */
	{ 0x00, 0x72, 0x28, 0x65, 0x00, 0x00, 0x0c, 0x09, 0x0c, 0x65, 0x00, 0x00, 0x0c, 0x09, 0x25, 0x00 },	/* screen 42 r7 c2 */
	{ 0x00, 0xbe, 0x37, 0x29, 0x00, 0x00, 0x00, 0x00, 0x0d, 0x29, 0x00, 0x00, 0x00, 0x00, 0x85, 0x00 },	/* screen 42 r11 c14 */
	{ 0x00, 0xcd, 0x37, 0x29, 0x00, 0x00, 0x00, 0x00, 0x0e, 0x29, 0x00, 0x00, 0x00, 0x00, 0x52, 0x00 },	/* screen 42 r12 c13 */
	{ 0x00, 0xdc, 0x37, 0x29, 0x00, 0x00, 0x00, 0x00, 0x0e, 0x29, 0x00, 0x00, 0x00, 0x00, 0x52, 0x00 },	/* screen 42 r13 c12 */
	{ 0x00, 0xe4, 0x80, 0x34, 0x00, 0x00, 0x14, 0x1c, 0x0f, 0x34, 0x00, 0x00, 0x14, 0x1c, 0x36, 0x00 },	/* screen 42 r14 c4 */
	{ 0x00, 0xeb, 0x37, 0x29, 0x00, 0x00, 0x00, 0x00, 0x0e, 0x29, 0x00, 0x00, 0x00, 0x00, 0x52, 0x00 },	/* screen 42 r14 c11 */
	{ 0x00, 0xfa, 0x37, 0x29, 0x00, 0x00, 0x00, 0x00, 0x0e, 0x29, 0x00, 0x00, 0x00, 0x00, 0x52, 0x00 },	/* screen 42 r15 c10 */
	{ 0x01, 0x00, 0x36, 0x32, 0x14, 0x22, 0x12, 0x22, 0x05, 0x10, 0x00, 0x00, 0x12, 0x22, 0x00, 0x86 },	/* screen 42 r16 c0 */
	{ 0x01, 0x09, 0x37, 0x29, 0x00, 0x00, 0x00, 0x00, 0x0e, 0x29, 0x00, 0x00, 0x00, 0x00, 0x52, 0x00 },	/* screen 42 r16 c9 */
	{ 0x01, 0x10, 0x37, 0x33, 0x14, 0x22, 0x12, 0x22, 0x11, 0x33, 0x14, 0x22, 0x12, 0x22, 0x87, 0x00 },	/* screen 42 r17 c0 */
	{ 0x01, 0x11, 0x34, 0x36, 0x14, 0x22, 0x14, 0x20, 0x11, 0x12, 0x00, 0x00, 0x14, 0x20, 0x00, 0x88 },	/* screen 42 r17 c1 */
	{ 0x01, 0x17, 0x36, 0x32, 0x1b, 0x0d, 0x1b, 0x1d, 0x01, 0x13, 0x00, 0x00, 0x1b, 0x1d, 0x00, 0x4f },	/* screen 42 r17 c7 */
	{ 0x01, 0x18, 0x37, 0x29, 0x00, 0x00, 0x00, 0x00, 0x0e, 0x29, 0x00, 0x00, 0x00, 0x00, 0x52, 0x00 },	/* screen 42 r17 c8 */
	{ 0x01, 0x22, 0x4f, 0x34, 0x12, 0x22, 0x14, 0x22, 0x81, 0x14, 0x00, 0x00, 0x14, 0x22, 0x00, 0x22 },	/* screen 42 r18 c2 */
	{ 0x01, 0x27, 0x37, 0x33, 0x1b, 0x0d, 0x1b, 0x1d, 0x01, 0x15, 0x00, 0x00, 0x1b, 0x1d, 0x00, 0x50 },	/* screen 42 r18 c7 */
	{ 0x00, 0x39, 0x2b, 0x20, 0x00, 0x00, 0x00, 0x00, 0x0b, 0x20, 0x00, 0x00, 0x00, 0x00, 0x28, 0x00 },	/* screen 43 r3 c9 */
	{ 0x00, 0x40, 0x2d, 0x34, 0x00, 0x00, 0x06, 0x16, 0x0c, 0x34, 0x00, 0x00, 0x06, 0x16, 0x0f, 0x00 },	/* screen 43 r4 c0 */
	{ 0x00, 0x51, 0x2d, 0x34, 0x00, 0x00, 0x06, 0x16, 0x0c, 0x34, 0x00, 0x00, 0x06, 0x16, 0x0f, 0x00 },	/* screen 43 r5 c1 */
	{ 0x00, 0x62, 0x2d, 0x34, 0x00, 0x00, 0x06, 0x16, 0x0c, 0x34, 0x00, 0x00, 0x06, 0x16, 0x0f, 0x00 },	/* screen 43 r6 c2 */
	{ 0x00, 0x73, 0x2d, 0x34, 0x00, 0x00, 0x06, 0x16, 0x0c, 0x34, 0x00, 0x00, 0x06, 0x16, 0x0f, 0x00 },	/* screen 43 r7 c3 */
	{ 0x00, 0x7f, 0x2d, 0x75, 0x00, 0x00, 0x1c, 0x0c, 0x0d, 0x75, 0x00, 0x00, 0x1c, 0x0c, 0x89, 0x00 },	/* screen 43 r7 c15 */
	{ 0x00, 0x84, 0x2d, 0x34, 0x00, 0x00, 0x06, 0x16, 0x0c, 0x34, 0x00, 0x00, 0x06, 0x16, 0x0f, 0x00 },	/* screen 43 r8 c4 */
	{ 0x00, 0x90, 0x33, 0x35, 0x0b, 0x1b, 0x0d, 0x1b, 0x01, 0x0e, 0x00, 0x00, 0x0d, 0x1b, 0x00, 0x78 },	/* screen 43 r9 c0 */
	{ 0x00, 0x95, 0x2d, 0x34, 0x00, 0x00, 0x06, 0x16, 0x0c, 0x34, 0x00, 0x00, 0x06, 0x16, 0x0f, 0x00 },	/* screen 43 r9 c5 */
	{ 0x00, 0xa0, 0x34, 0x36, 0x0b, 0x1b, 0x0d, 0x1b, 0x01, 0x0f, 0x00, 0x00, 0x0d, 0x1b, 0x00, 0x7a },	/* screen 43 r10 c0 */
	{ 0x00, 0xa5, 0x2b, 0xac, 0x00, 0x00, 0x00, 0x00, 0x10, 0xac, 0x00, 0x00, 0x00, 0x00, 0x39, 0x00 },	/* screen 43 r10 c5 */
	{ 0x00, 0xa6, 0xae, 0x34, 0x00, 0x00, 0x06, 0x16, 0x11, 0x34, 0x00, 0x00, 0x06, 0x16, 0x8a, 0x00 },	/* screen 43 r10 c6 */
	{ 0x00, 0x8e, 0x6a, 0x20, 0x00, 0x00, 0x15, 0x0c, 0x0b, 0x20, 0x00, 0x00, 0x15, 0x0c, 0x01, 0x00 },	/* screen 44 r8 c14 */
	{ 0x01, 0x10, 0x33, 0x35, 0x14, 0x24, 0x16, 0x24, 0x0c, 0x35, 0x14, 0x24, 0x16, 0x24, 0x7d, 0x00 },	/* screen 44 r17 c0 */
	{ 0x01, 0x17, 0x2b, 0x7f, 0x1a, 0x12, 0x1a, 0x1a, 0x0d, 0x7f, 0x00, 0x00, 0x1a, 0x1a, 0x28, 0x00 },	/* screen 44 r17 c7 */
	{ 0x01, 0x1b, 0x29, 0x76, 0x00, 0x00, 0x1c, 0x1a, 0x0e, 0x76, 0x00, 0x00, 0x1c, 0x1a, 0x8b, 0x00 },	/* screen 44 r17 c11 */
	{ 0x01, 0x20, 0x34, 0x36, 0x14, 0x24, 0x16, 0x24, 0x0f, 0x36, 0x14, 0x24, 0x16, 0x24, 0x7e, 0x00 },	/* screen 44 r18 c0 */
	{ 0x01, 0x30, 0xb1, 0x37, 0x00, 0x00, 0x16, 0x24, 0x10, 0x37, 0x00, 0x00, 0x16, 0x24, 0x33, 0x00 },	/* screen 44 r19 c0 */
	{ 0x00, 0x66, 0x34, 0x80, 0x00, 0x00, 0x00, 0x00, 0x0b, 0x80, 0x00, 0x00, 0x00, 0x00, 0x7e, 0x00 },	/* screen 45 r6 c6 */
	{ 0x00, 0x85, 0x10, 0x33, 0x00, 0x00, 0x0e, 0x16, 0x0c, 0x33, 0x00, 0x00, 0x0e, 0x16, 0x8c, 0x00 },	/* screen 45 r8 c5 */
	{ 0x00, 0x97, 0x82, 0x32, 0x00, 0x00, 0x0e, 0x16, 0x0d, 0x32, 0x00, 0x00, 0x0e, 0x16, 0x8d, 0x00 },	/* screen 45 r9 c7 */
	{ 0x00, 0x9f, 0x20, 0x36, 0x17, 0x0c, 0x1c, 0x0c, 0x0e, 0x36, 0x17, 0x0c, 0x1c, 0x0c, 0x67, 0x00 },	/* screen 45 r9 c15 */
	{ 0x00, 0xa6, 0x10, 0x34, 0x00, 0x00, 0x0e, 0x16, 0x0c, 0x34, 0x00, 0x00, 0x0e, 0x16, 0x8c, 0x00 },	/* screen 45 r10 c6 */
	{ 0x00, 0xe6, 0x74, 0x34, 0x00, 0x00, 0x16, 0x1a, 0x0f, 0x34, 0x00, 0x00, 0x16, 0x1a, 0x8e, 0x00 },	/* screen 45 r14 c6 */
	{ 0x00, 0xf7, 0x74, 0x34, 0x00, 0x00, 0x16, 0x1a, 0x0f, 0x34, 0x00, 0x00, 0x16, 0x1a, 0x8e, 0x00 },	/* screen 45 r15 c7 */
	{ 0x01, 0x08, 0x74, 0x34, 0x00, 0x00, 0x16, 0x1a, 0x0f, 0x34, 0x00, 0x00, 0x16, 0x1a, 0x8e, 0x00 },	/* screen 45 r16 c8 */
	{ 0x01, 0x09, 0x63, 0x37, 0x00, 0x00, 0x1c, 0x16, 0x12, 0x37, 0x00, 0x00, 0x1c, 0x16, 0x8f, 0x00 },	/* screen 45 r16 c9 */
	{ 0x00, 0xba, 0x63, 0x33, 0x00, 0x00, 0x00, 0x00, 0x0b, 0x0c, 0x16, 0x0e, 0x00, 0x00, 0x25, 0x90 },	/* screen 46 r11 c10 */
	{ 0x00, 0xc9, 0x63, 0x59, 0x00, 0x00, 0x00, 0x00, 0x0d, 0x59, 0x00, 0x00, 0x00, 0x00, 0x64, 0x00 },	/* screen 46 r12 c9 */
	{ 0x00, 0xca, 0x4f, 0x34, 0x00, 0x00, 0x00, 0x00, 0x0e, 0x34, 0x00, 0x00, 0x00, 0x00, 0x91, 0x00 },	/* screen 46 r12 c10 */
	{ 0x00, 0xcb, 0x33, 0x35, 0x00, 0x00, 0x1c, 0x14, 0x0f, 0x35, 0x00, 0x00, 0x1c, 0x14, 0x04, 0x00 },	/* screen 46 r12 c11 */
	{ 0x00, 0xd8, 0x59, 0x33, 0x00, 0x00, 0x18, 0x18, 0x10, 0x33, 0x00, 0x00, 0x18, 0x18, 0x2e, 0x00 },	/* screen 46 r13 c8 */
	{ 0x00, 0xdb, 0x34, 0x36, 0x00, 0x00, 0x1c, 0x14, 0x11, 0x36, 0x00, 0x00, 0x1c, 0x14, 0x92, 0x00 },	/* screen 46 r13 c11 */
	{ 0x00, 0xe8, 0x2d, 0x34, 0x00, 0x00, 0x18, 0x18, 0x12, 0x34, 0x00, 0x00, 0x18, 0x18, 0x0f, 0x00 },	/* screen 46 r14 c8 */
	{ 0x00, 0xeb, 0x29, 0x37, 0x00, 0x00, 0x1c, 0x14, 0x13, 0x37, 0x00, 0x00, 0x1c, 0x14, 0x0a, 0x00 },	/* screen 46 r14 c11 */
	{ 0x00, 0xf4, 0x37, 0x63, 0x00, 0x00, 0x00, 0x00, 0x14, 0x63, 0x00, 0x00, 0x00, 0x00, 0x87, 0x00 },	/* screen 46 r15 c4 */
	{ 0x00, 0xf9, 0x2d, 0x34, 0x00, 0x00, 0x18, 0x18, 0x12, 0x34, 0x00, 0x00, 0x18, 0x18, 0x0f, 0x00 },	/* screen 46 r15 c9 */
	{ 0x00, 0xfa, 0x29, 0x37, 0x00, 0x00, 0x1c, 0x14, 0x13, 0x37, 0x00, 0x00, 0x1c, 0x14, 0x0a, 0x00 },	/* screen 46 r15 c10 */
	{ 0x00, 0x48, 0x4e, 0x34, 0x00, 0x00, 0x0b, 0x0d, 0x0b, 0x34, 0x00, 0x00, 0x0b, 0x0d, 0x07, 0x00 },	/* screen 47 r4 c8 */
	{ 0x00, 0x59, 0x4e, 0x34, 0x00, 0x00, 0x0b, 0x0d, 0x0c, 0x34, 0x00, 0x00, 0x0b, 0x0d, 0x08, 0x00 },	/* screen 47 r5 c9 */
	{ 0x00, 0x7b, 0x4e, 0x34, 0x00, 0x00, 0x0b, 0x0d, 0x0d, 0x34, 0x00, 0x00, 0x0b, 0x0d, 0x93, 0x00 },	/* screen 47 r7 c11 */
	{ 0x00, 0x9d, 0x4e, 0x34, 0x00, 0x00, 0x0b, 0x0d, 0x0e, 0x34, 0x00, 0x00, 0x0b, 0x0d, 0x94, 0x00 },	/* screen 47 r9 c13 */
	{ 0x00, 0xae, 0x4f, 0x34, 0x00, 0x00, 0x0b, 0x0d, 0x0f, 0x34, 0x00, 0x00, 0x0b, 0x0d, 0x45, 0x00 },	/* screen 47 r10 c14 */
	{ 0x00, 0xd1, 0x28, 0x58, 0x0e, 0x1c, 0x10, 0x1c, 0x87, 0x10, 0x00, 0x00, 0x10, 0x1c, 0x00, 0x95 },	/* screen 47 r13 c1 */
	{ 0x00, 0xe9, 0x1f, 0x44, 0x00, 0x00, 0x00, 0x00, 0x11, 0x44, 0x00, 0x00, 0x00, 0x00, 0x96, 0x00 },	/* screen 47 r14 c9 */
	{ 0x00, 0x46, 0x29, 0x23, 0x10, 0x12, 0x10, 0x12, 0x0b, 0x23, 0x00, 0x00, 0x10, 0x12, 0x0a, 0x00 },	/* screen 48 r4 c6 */
	{ 0x00, 0x55, 0x29, 0x23, 0x10, 0x12, 0x10, 0x12, 0x0b, 0x23, 0x00, 0x00, 0x10, 0x12, 0x0a, 0x00 },	/* screen 48 r5 c5 */
	{ 0x00, 0x64, 0x29, 0x23, 0x10, 0x12, 0x10, 0x12, 0x0b, 0x23, 0x00, 0x00, 0x10, 0x12, 0x0a, 0x00 },	/* screen 48 r6 c4 */
	{ 0x00, 0x91, 0x29, 0x23, 0x10, 0x12, 0x10, 0x12, 0x0b, 0x23, 0x00, 0x00, 0x10, 0x12, 0x0a, 0x00 },	/* screen 48 r9 c1 */
	{ 0x00, 0xa0, 0x29, 0x23, 0x10, 0x12, 0x10, 0x12, 0x0b, 0x23, 0x00, 0x00, 0x10, 0x12, 0x0a, 0x00 },	/* screen 48 r10 c0 */
	{ 0x00, 0xbd, 0x28, 0x58, 0x18, 0x0c, 0x1a, 0x0e, 0x0c, 0x58, 0x00, 0x00, 0x1a, 0x0e, 0x97, 0x00 },	/* screen 48 r11 c13 */
	{ 0x00, 0xf9, 0x28, 0x58, 0x18, 0x16, 0x1a, 0x16, 0x0c, 0x58, 0x00, 0x00, 0x1a, 0x16, 0x97, 0x00 },	/* screen 48 r15 c9 */
	{ 0x00, 0xd8, 0x2b, 0x7f, 0x16, 0x10, 0x16, 0x16, 0x0b, 0x7f, 0x00, 0x00, 0x16, 0x16, 0x39, 0x00 },	/* screen 49 r13 c8 */
	{ 0x00, 0x00, 0x4f, 0x34, 0x02, 0x12, 0x02, 0x12, 0x0b, 0x34, 0x02, 0x12, 0x02, 0x12, 0x5f, 0x00 },	/* screen 4a r0 c0 */
	{ 0x00, 0x11, 0x4f, 0x34, 0x02, 0x12, 0x02, 0x12, 0x0b, 0x34, 0x02, 0x12, 0x02, 0x12, 0x5f, 0x00 },	/* screen 4a r1 c1 */
	{ 0x00, 0x22, 0x4f, 0x34, 0x02, 0x12, 0x02, 0x12, 0x01, 0x0c, 0x00, 0x00, 0x02, 0x12, 0x00, 0x22 },	/* screen 4a r2 c2 */
	{ 0x00, 0x81, 0x44, 0x20, 0x00, 0x00, 0x0a, 0x19, 0x0d, 0x20, 0x00, 0x00, 0x0a, 0x19, 0x09, 0x00 },	/* screen 4a r8 c1 */
	{ 0x00, 0x87, 0x1c, 0x59, 0x00, 0x00, 0x12, 0x10, 0x0e, 0x59, 0x00, 0x00, 0x12, 0x10, 0x98, 0x00 },	/* screen 4a r8 c7 */
	{ 0x00, 0x06, 0x74, 0x34, 0x00, 0x00, 0x07, 0x0b, 0x0b, 0x34, 0x00, 0x00, 0x07, 0x0b, 0x17, 0x00 },	/* screen 4b r0 c6 */
	{ 0x00, 0x17, 0x74, 0x34, 0x00, 0x00, 0x07, 0x0b, 0x0b, 0x34, 0x00, 0x00, 0x07, 0x0b, 0x17, 0x00 },	/* screen 4b r1 c7 */
	{ 0x00, 0x18, 0x33, 0x35, 0x00, 0x00, 0x00, 0x00, 0x0c, 0x35, 0x00, 0x00, 0x00, 0x00, 0x99, 0x00 },	/* screen 4b r1 c8 */
	{ 0x00, 0x1d, 0x2d, 0x34, 0x00, 0x00, 0x0c, 0x06, 0x0d, 0x34, 0x00, 0x00, 0x0c, 0x06, 0x0f, 0x00 },	/* screen 4b r1 c13 */
	{ 0x00, 0x28, 0x34, 0x36, 0x00, 0x00, 0x00, 0x00, 0x0e, 0x36, 0x00, 0x00, 0x00, 0x00, 0x9a, 0x00 },	/* screen 4b r2 c8 */
	{ 0x00, 0x2d, 0x2b, 0xac, 0x00, 0x00, 0x00, 0x00, 0x0f, 0xac, 0x00, 0x00, 0x00, 0x00, 0x39, 0x00 },	/* screen 4b r2 c13 */
	{ 0x00, 0x2e, 0xae, 0x34, 0x00, 0x00, 0x0c, 0x06, 0x10, 0x34, 0x00, 0x00, 0x0c, 0x06, 0x9b, 0x00 },	/* screen 4b r2 c14 */
	{ 0x00, 0x36, 0x6a, 0x35, 0x00, 0x00, 0x00, 0x00, 0x11, 0x35, 0x00, 0x00, 0x00, 0x00, 0x9c, 0x00 },	/* screen 4b r3 c6 */
	{ 0x00, 0x38, 0x4d, 0x37, 0x00, 0x00, 0x00, 0x00, 0x12, 0x37, 0x00, 0x00, 0x00, 0x00, 0x54, 0x00 },	/* screen 4b r3 c8 */
	{ 0x00, 0x47, 0x4d, 0x37, 0x00, 0x00, 0x00, 0x00, 0x13, 0x37, 0x00, 0x00, 0x00, 0x00, 0x57, 0x00 },	/* screen 4b r4 c7 */
	{ 0x00, 0x56, 0x4d, 0x37, 0x00, 0x00, 0x00, 0x00, 0x14, 0x37, 0x00, 0x00, 0x00, 0x00, 0x9d, 0x00 },	/* screen 4b r5 c6 */
	{ 0x00, 0x65, 0x4d, 0x37, 0x00, 0x00, 0x00, 0x00, 0x15, 0x37, 0x00, 0x00, 0x00, 0x00, 0x9e, 0x00 },	/* screen 4b r6 c5 */
	{ 0x00, 0x69, 0x59, 0x37, 0x12, 0x0c, 0x12, 0x0c, 0x01, 0x16, 0x00, 0x00, 0x12, 0x0c, 0x00, 0x1a },	/* screen 4b r6 c9 */
	{ 0x00, 0x78, 0x59, 0x37, 0x12, 0x0c, 0x12, 0x0c, 0x01, 0x16, 0x00, 0x00, 0x12, 0x0c, 0x00, 0x1a },	/* screen 4b r7 c8 */
	{ 0x00, 0x82, 0x4d, 0x36, 0x00, 0x00, 0x00, 0x00, 0x17, 0x36, 0x00, 0x00, 0x00, 0x00, 0x9f, 0x00 },	/* screen 4b r8 c2 */
	{ 0x00, 0x91, 0x4d, 0x36, 0x00, 0x00, 0x00, 0x00, 0x17, 0x36, 0x00, 0x00, 0x00, 0x00, 0x9f, 0x00 },	/* screen 4b r9 c1 */
	{ 0x00, 0x95, 0x36, 0x75, 0x12, 0x14, 0x12, 0x15, 0x01, 0x18, 0x00, 0x00, 0x12, 0x15, 0x00, 0xa0 },	/* screen 4b r9 c5 */
	{ 0x00, 0xa4, 0x36, 0x3b, 0x12, 0x14, 0x12, 0x15, 0x01, 0x19, 0x00, 0x00, 0x12, 0x15, 0x00, 0xa1 },	/* screen 4b r10 c4 */
	{ 0x00, 0xb4, 0x37, 0x65, 0x12, 0x14, 0x12, 0x15, 0x01, 0x1a, 0x00, 0x00, 0x12, 0x15, 0x00, 0xa2 },	/* screen 4b r11 c4 */
	{ 0x00, 0xc3, 0x59, 0x37, 0x12, 0x14, 0x12, 0x14, 0x01, 0x16, 0x00, 0x00, 0x12, 0x14, 0x00, 0x1a },	/* screen 4b r12 c3 */
	{ 0x00, 0xd2, 0x59, 0x37, 0x12, 0x14, 0x12, 0x14, 0x01, 0x16, 0x00, 0x00, 0x12, 0x14, 0x00, 0x1a },	/* screen 4b r13 c2 */
	{ 0x00, 0xe1, 0x59, 0x37, 0x12, 0x14, 0x12, 0x14, 0x01, 0x16, 0x00, 0x00, 0x12, 0x14, 0x00, 0x1a },	/* screen 4b r14 c1 */
	{ 0x00, 0xf0, 0x59, 0x37, 0x12, 0x14, 0x12, 0x14, 0x01, 0x16, 0x00, 0x00, 0x12, 0x14, 0x00, 0x1a },	/* screen 4b r15 c0 */
	{ 0x00, 0x99, 0x34, 0x36, 0x14, 0x12, 0x16, 0x12, 0x0b, 0x36, 0x14, 0x12, 0x16, 0x12, 0x22, 0x00 },	/* screen 4c r9 c9 */
	{ 0x00, 0x53, 0x59, 0x36, 0x00, 0x00, 0x00, 0x00, 0x0b, 0x36, 0x00, 0x00, 0x00, 0x00, 0xa3, 0x00 },	/* screen 4d r5 c3 */
	{ 0x00, 0x54, 0x4f, 0x33, 0x00, 0x00, 0x00, 0x00, 0x0c, 0x33, 0x00, 0x00, 0x00, 0x00, 0xa4, 0x00 },	/* screen 4d r5 c4 */
	{ 0x00, 0x62, 0x36, 0x32, 0x00, 0x00, 0x0c, 0x18, 0x0d, 0x32, 0x00, 0x00, 0x0c, 0x18, 0xa5, 0x00 },	/* screen 4d r6 c2 */
	{ 0x00, 0x65, 0x4f, 0x33, 0x00, 0x00, 0x00, 0x00, 0x0c, 0x33, 0x00, 0x00, 0x00, 0x00, 0xa4, 0x00 },	/* screen 4d r6 c5 */
	{ 0x00, 0x6a, 0x4f, 0x48, 0x00, 0x00, 0x00, 0x00, 0x0e, 0x48, 0x10, 0x0e, 0x00, 0x00, 0x28, 0x00 },	/* screen 4d r6 c10 */
	{ 0x00, 0x72, 0x37, 0x33, 0x00, 0x00, 0x0c, 0x18, 0x0f, 0x33, 0x00, 0x00, 0x0c, 0x18, 0x87, 0x00 },	/* screen 4d r7 c2 */
	{ 0x00, 0x87, 0x28, 0x65, 0x00, 0x00, 0x00, 0x00, 0x10, 0x65, 0x00, 0x00, 0x00, 0x00, 0x25, 0x00 },	/* screen 4d r8 c7 */
	{ 0x00, 0xf2, 0x24, 0x35, 0x00, 0x00, 0x00, 0x00, 0x11, 0x35, 0x00, 0x00, 0x00, 0x00, 0xa6, 0x00 },	/* screen 4d r15 c2 */
	{ 0x00, 0xf3, 0x2b, 0x36, 0x00, 0x00, 0x00, 0x00, 0x0e, 0x36, 0x00, 0x00, 0x00, 0x00, 0x28, 0x00 },	/* screen 4d r15 c3 */
	{ 0x01, 0x02, 0x36, 0x32, 0x00, 0x00, 0x00, 0x00, 0x12, 0x32, 0x00, 0x00, 0x00, 0x00, 0xa7, 0x00 },	/* screen 4d r16 c2 */
	{ 0x01, 0x12, 0x37, 0x33, 0x00, 0x00, 0x00, 0x00, 0x13, 0x33, 0x00, 0x00, 0x00, 0x00, 0xa8, 0x00 },	/* screen 4d r17 c2 */
	{ 0x01, 0x22, 0x34, 0x2d, 0x00, 0x00, 0x00, 0x00, 0x14, 0x2d, 0x00, 0x00, 0x00, 0x00, 0xa9, 0x00 },	/* screen 4d r18 c2 */
	{ 0x01, 0x25, 0x37, 0x29, 0x00, 0x00, 0x00, 0x00, 0x0f, 0x29, 0x00, 0x00, 0x00, 0x00, 0x87, 0x00 },	/* screen 4d r18 c5 */
	{ 0x00, 0x04, 0x63, 0x23, 0x00, 0x00, 0x00, 0x00, 0x0b, 0x23, 0x00, 0x00, 0x00, 0x00, 0xaa, 0x00 },	/* screen 4e r0 c4 */
	{ 0x00, 0xc4, 0x2b, 0x20, 0x00, 0x00, 0x00, 0x00, 0x0c, 0x20, 0x00, 0x00, 0x00, 0x00, 0x28, 0x00 },	/* screen 4e r12 c4 */
	{ 0x01, 0x38, 0x63, 0x33, 0x00, 0x00, 0x00, 0x00, 0x28, 0x0d, 0x1c, 0x1a, 0x00, 0x00, 0x00, 0x90 },	/* screen 4e r19 c8 */
	{ 0x00, 0x8b, 0x6a, 0x7f, 0x16, 0x10, 0x16, 0x10, 0x0b, 0x7f, 0x14, 0x10, 0x16, 0x10, 0x01, 0x00 },	/* screen 64 r8 c11 */
	{ 0x00, 0xc0, 0x29, 0x59, 0x00, 0x00, 0x10, 0x1e, 0x0c, 0x59, 0x00, 0x00, 0x10, 0x1e, 0x0a, 0x00 },	/* screen 64 r12 c0 */
	{ 0x00, 0xe1, 0x2d, 0x45, 0x00, 0x00, 0x00, 0x00, 0x0d, 0x45, 0x10, 0x1e, 0x00, 0x00, 0x0f, 0x00 },	/* screen 64 r14 c1 */
	{ 0x00, 0x16, 0x29, 0x44, 0x00, 0x00, 0x00, 0x00, 0x0b, 0x44, 0x00, 0x00, 0x00, 0x00, 0x0a, 0x00 },	/* screen 65 r1 c6 */
	{ 0x00, 0x61, 0x29, 0x44, 0x00, 0x00, 0x00, 0x00, 0x0b, 0x44, 0x00, 0x00, 0x00, 0x00, 0x0a, 0x00 },	/* screen 65 r6 c1 */
	{ 0x00, 0x6a, 0x10, 0xae, 0x00, 0x00, 0x00, 0x00, 0x0c, 0xae, 0x00, 0x00, 0x00, 0x00, 0xab, 0x00 },	/* screen 65 r6 c10 */
	{ 0x00, 0x70, 0x29, 0x59, 0x00, 0x00, 0x00, 0x00, 0x0b, 0x59, 0x00, 0x00, 0x00, 0x00, 0x0a, 0x00 },	/* screen 65 r7 c0 */
	{ 0x00, 0x9d, 0x29, 0x59, 0x00, 0x00, 0x00, 0x00, 0x0b, 0x59, 0x17, 0x0d, 0x00, 0x00, 0x0a, 0x00 },	/* screen 65 r9 c13 */
	{ 0x00, 0xcd, 0x29, 0x59, 0x00, 0x00, 0x1c, 0x10, 0x0b, 0x59, 0x00, 0x00, 0x1c, 0x10, 0x0a, 0x00 },	/* screen 65 r12 c13 */
	{ 0x00, 0xce, 0x2b, 0xb1, 0x00, 0x00, 0x00, 0x00, 0x4f, 0x0d, 0x1c, 0x10, 0x00, 0x00, 0x00, 0x70 },	/* screen 65 r12 c14 */
	{ 0x00, 0xcf, 0x2d, 0x45, 0x00, 0x00, 0x00, 0x00, 0x0e, 0x45, 0x00, 0x00, 0x00, 0x00, 0x0f, 0x00 },	/* screen 65 r12 c15 */
	{ 0x00, 0x74, 0x29, 0xbb, 0x00, 0x00, 0x00, 0x00, 0x05, 0x0b, 0x0c, 0x14, 0x00, 0x00, 0x00, 0xac },	/* screen 66 r7 c4 */
	{ 0x00, 0xa7, 0x29, 0x59, 0x14, 0x16, 0x16, 0x16, 0x0c, 0x59, 0x14, 0x16, 0x16, 0x16, 0x0a, 0x00 },	/* screen 66 r10 c7 */
	{ 0x00, 0xb6, 0x29, 0xb1, 0x14, 0x16, 0x16, 0x18, 0x0c, 0xb1, 0x14, 0x16, 0x16, 0x18, 0x0a, 0x00 },	/* screen 66 r11 c6 */
	{ 0x00, 0x17, 0x2d, 0x45, 0x00, 0x00, 0x00, 0x00, 0x0b, 0x45, 0x00, 0x00, 0x00, 0x00, 0x0f, 0x00 },	/* screen 67 r1 c7 */
	{ 0x00, 0x3a, 0x29, 0xb1, 0x00, 0x00, 0x00, 0x00, 0x0c, 0xb1, 0x00, 0x00, 0x00, 0x00, 0x0a, 0x00 },	/* screen 67 r3 c10 */
	{ 0x00, 0x6a, 0x29, 0xb3, 0x12, 0x0e, 0x14, 0x0e, 0x0c, 0xb3, 0x12, 0x0e, 0x14, 0x0e, 0x0a, 0x00 },	/* screen 67 r6 c10 */
	{ 0x00, 0x79, 0x29, 0xb1, 0x12, 0x0e, 0x14, 0x0e, 0x0c, 0xb1, 0x12, 0x0e, 0x14, 0x0e, 0x0a, 0x00 },	/* screen 67 r7 c9 */
	{ 0x00, 0xe9, 0x2d, 0x45, 0x12, 0x16, 0x1a, 0x18, 0x0b, 0x45, 0x12, 0x16, 0x1a, 0x18, 0x0f, 0x00 },	/* screen 67 r14 c9 */
	{ 0x00, 0x47, 0x29, 0x59, 0x0e, 0x08, 0x10, 0x10, 0x0b, 0x59, 0x0e, 0x08, 0x10, 0x10, 0x0a, 0x00 },	/* screen 68 r4 c7 */
	{ 0x00, 0x4b, 0x29, 0x6b, 0x12, 0x0a, 0x14, 0x0c, 0x0b, 0x6b, 0x12, 0x0a, 0x14, 0x0c, 0x0a, 0x00 },	/* screen 68 r4 c11 */
	{ 0x00, 0x51, 0x2b, 0x80, 0x00, 0x00, 0x00, 0x00, 0x0c, 0x80, 0x00, 0x00, 0x00, 0x00, 0xad, 0x00 },	/* screen 68 r5 c1 */
	{ 0x00, 0x5b, 0x2b, 0xaf, 0x00, 0x00, 0x00, 0x00, 0x28, 0x0d, 0x12, 0x0a, 0x00, 0x00, 0x00, 0xae },	/* screen 68 r5 c11 */
	{ 0x00, 0x8c, 0x2b, 0xac, 0x00, 0x00, 0x00, 0x00, 0x0e, 0xac, 0x10, 0x10, 0x00, 0x00, 0x28, 0x00 },	/* screen 68 r8 c12 */
	{ 0x00, 0xee, 0x44, 0xb3, 0x00, 0x00, 0x00, 0x00, 0x0f, 0xb3, 0x00, 0x00, 0x00, 0x00, 0xaf, 0x00 },	/* screen 68 r14 c14 */
	{ 0x00, 0x39, 0x29, 0x59, 0x00, 0x00, 0x00, 0x00, 0x0b, 0x59, 0x00, 0x00, 0x00, 0x00, 0x0a, 0x00 },	/* screen 69 r3 c9 */
	{ 0x00, 0x55, 0x2d, 0x45, 0x00, 0x00, 0x00, 0x00, 0x0c, 0x45, 0x0c, 0x12, 0x00, 0x00, 0x0f, 0x00 },	/* screen 69 r5 c5 */
	{ 0x00, 0x83, 0xb3, 0x80, 0x00, 0x00, 0x0e, 0x1a, 0x0d, 0x80, 0x00, 0x00, 0x0e, 0x1a, 0x62, 0x00 },	/* screen 69 r8 c3 */
	{ 0x00, 0x98, 0x2b, 0xac, 0x00, 0x00, 0x00, 0x00, 0x4f, 0x0e, 0x14, 0x14, 0x00, 0x00, 0x00, 0xb0 },	/* screen 69 r9 c8 */
	{ 0x00, 0xa8, 0x29, 0x6b, 0x00, 0x00, 0x00, 0x00, 0x0b, 0x6b, 0x14, 0x14, 0x00, 0x00, 0x0a, 0x00 },	/* screen 69 r10 c8 */
	{ 0x00, 0xb7, 0x29, 0x59, 0x00, 0x00, 0x00, 0x00, 0x0b, 0x59, 0x14, 0x14, 0x00, 0x00, 0x0a, 0x00 },	/* screen 69 r11 c7 */
	{ 0x01, 0x28, 0x29, 0x59, 0x00, 0x00, 0x00, 0x00, 0x0b, 0x59, 0x00, 0x00, 0x00, 0x00, 0x0a, 0x00 },	/* screen 69 r18 c8 */
	{ 0x00, 0x37, 0x2d, 0x45, 0x08, 0x10, 0x10, 0x12, 0x0b, 0x45, 0x08, 0x10, 0x10, 0x12, 0x0f, 0x00 },	/* screen 6a r3 c7 */
	{ 0x00, 0x44, 0x2d, 0x45, 0x08, 0x14, 0x0e, 0x16, 0x0b, 0x45, 0x08, 0x14, 0x0e, 0x16, 0x0f, 0x00 },	/* screen 6a r4 c4 */
	{ 0x00, 0x67, 0x2d, 0x4f, 0x00, 0x00, 0x12, 0x14, 0x0b, 0x4f, 0x00, 0x00, 0x12, 0x14, 0x0f, 0x00 },	/* screen 6a r6 c7 */
	{ 0x00, 0x8d, 0x80, 0x2b, 0x00, 0x00, 0x00, 0x00, 0x0c, 0x2b, 0x00, 0x00, 0x00, 0x00, 0x36, 0x00 },	/* screen 6a r8 c13 */
	{ 0x00, 0x9b, 0x2b, 0x80, 0x00, 0x00, 0x00, 0x00, 0x0d, 0x80, 0x00, 0x00, 0x00, 0x00, 0xad, 0x00 },	/* screen 6a r9 c11 */
	{ 0x00, 0xe8, 0x2d, 0x4f, 0x00, 0x00, 0x00, 0x00, 0x0b, 0x4f, 0x18, 0x08, 0x00, 0x00, 0x0f, 0x00 },	/* screen 6b r14 c8 */
	{ 0x00, 0xf1, 0x2d, 0x4f, 0x00, 0x00, 0x00, 0x00, 0x0b, 0x4f, 0x00, 0x00, 0x00, 0x00, 0x0f, 0x00 },	/* screen 6b r15 c1 */
	{ 0x00, 0x2b, 0x59, 0x44, 0x14, 0x0c, 0x14, 0x0c, 0x0b, 0x44, 0x12, 0x0a, 0x14, 0x0c, 0x2e, 0x00 },	/* screen 6c r2 c11 */
	{ 0x00, 0x3a, 0x59, 0x44, 0x14, 0x0c, 0x14, 0x0c, 0x0b, 0x44, 0x12, 0x0a, 0x14, 0x0c, 0x2e, 0x00 },	/* screen 6c r3 c10 */
	{ 0x00, 0x49, 0x59, 0x44, 0x14, 0x0c, 0x14, 0x0c, 0x0b, 0x44, 0x12, 0x0a, 0x14, 0x0c, 0x2e, 0x00 },	/* screen 6c r4 c9 */
	{ 0x00, 0x67, 0x59, 0x44, 0x14, 0x0c, 0x14, 0x0c, 0x0b, 0x44, 0x12, 0x12, 0x14, 0x0c, 0x2e, 0x00 },	/* screen 6c r6 c7 */
	{ 0x00, 0x76, 0x59, 0x44, 0x14, 0x0c, 0x14, 0x0c, 0x0b, 0x44, 0x12, 0x12, 0x14, 0x0c, 0x2e, 0x00 },	/* screen 6c r7 c6 */
	{ 0x00, 0x7d, 0x28, 0xb1, 0x1a, 0x0c, 0x1a, 0x0c, 0x09, 0x0c, 0x00, 0x00, 0x1a, 0x0c, 0x00, 0xb1 },	/* screen 6c r7 c13 */
	{ 0x00, 0x82, 0x29, 0xb3, 0x0e, 0x10, 0x10, 0x1a, 0x0d, 0xb3, 0x0e, 0x10, 0x10, 0x1a, 0x0a, 0x00 },	/* screen 6c r8 c2 */
	{ 0x00, 0x91, 0x29, 0xb1, 0x0e, 0x10, 0x10, 0x1a, 0x0d, 0xb1, 0x0e, 0x10, 0x10, 0x1a, 0x0a, 0x00 },	/* screen 6c r9 c1 */
	{ 0x00, 0x95, 0x29, 0xb3, 0x12, 0x12, 0x14, 0x18, 0x0d, 0xb3, 0x12, 0x12, 0x14, 0x18, 0x0a, 0x00 },	/* screen 6c r9 c5 */
	{ 0x00, 0xa4, 0x29, 0xb1, 0x12, 0x12, 0x14, 0x18, 0x0d, 0xb1, 0x12, 0x12, 0x14, 0x18, 0x0a, 0x00 },	/* screen 6c r10 c4 */
	{ 0x00, 0xd1, 0x29, 0x59, 0x12, 0x12, 0x14, 0x20, 0x0d, 0x59, 0x12, 0x12, 0x14, 0x20, 0x0a, 0x00 },	/* screen 6c r13 c1 */
	{ 0x00, 0x28, 0x2d, 0x4f, 0x00, 0x00, 0x0a, 0x10, 0x0b, 0x4f, 0x00, 0x00, 0x0a, 0x10, 0x0f, 0x00 },	/* screen 6d r2 c8 */
	{ 0x00, 0x71, 0x2d, 0x82, 0x08, 0x18, 0x0c, 0x1a, 0x0b, 0x82, 0x08, 0x18, 0x0c, 0x1a, 0x0f, 0x00 },	/* screen 6d r7 c1 */
	{ 0x00, 0x82, 0x2d, 0x80, 0x08, 0x18, 0x0c, 0x1a, 0x0b, 0x80, 0x08, 0x18, 0x0c, 0x1a, 0x0f, 0x00 },	/* screen 6d r8 c2 */
	{ 0x00, 0xbf, 0x29, 0x44, 0x00, 0x00, 0x00, 0x00, 0x0c, 0x44, 0x1e, 0x0e, 0x00, 0x00, 0x0a, 0x00 },	/* screen 6d r11 c15 */
	{ 0x00, 0xce, 0x29, 0x44, 0x00, 0x00, 0x00, 0x00, 0x0c, 0x44, 0x1e, 0x0e, 0x00, 0x00, 0x0a, 0x00 },	/* screen 6d r12 c14 */
	{ 0x00, 0x44, 0x2d, 0x4f, 0x0c, 0x14, 0x0e, 0x16, 0x0b, 0x4f, 0x0c, 0x14, 0x0e, 0x16, 0x0f, 0x00 },	/* screen 6e r4 c4 */
	{ 0x00, 0x53, 0x2d, 0x80, 0x00, 0x00, 0x00, 0x00, 0x05, 0x0c, 0x0e, 0x16, 0x00, 0x00, 0x00, 0x36 },	/* screen 6e r5 c3 */
	{ 0x00, 0x42, 0x2d, 0x4f, 0x00, 0x00, 0x00, 0x00, 0x0b, 0x4f, 0x0c, 0x16, 0x00, 0x00, 0x0f, 0x00 },	/* screen 6f r4 c2 */
	{ 0x00, 0x52, 0x29, 0xb1, 0x00, 0x00, 0x00, 0x00, 0x0a, 0x0c, 0x0c, 0x16, 0x00, 0x00, 0x00, 0xb2 },	/* screen 6f r5 c2 */
	{ 0x00, 0x53, 0x2d, 0x45, 0x00, 0x00, 0x00, 0x00, 0x0b, 0x45, 0x0c, 0x16, 0x00, 0x00, 0x0f, 0x00 },	/* screen 6f r5 c3 */
	{ 0x00, 0x64, 0x2d, 0x45, 0x00, 0x00, 0x00, 0x00, 0x0b, 0x45, 0x0c, 0x16, 0x00, 0x00, 0x0f, 0x00 },	/* screen 6f r6 c4 */
	{ 0x00, 0x89, 0x2d, 0x45, 0x16, 0x12, 0x16, 0x14, 0x0b, 0x45, 0x16, 0x12, 0x16, 0x14, 0x0f, 0x00 },	/* screen 6f r8 c9 */
	{ 0x00, 0xa1, 0xb3, 0x59, 0x00, 0x00, 0x12, 0x1a, 0x0d, 0x59, 0x00, 0x00, 0x12, 0x1a, 0x62, 0x00 },	/* screen 6f r10 c1 */
	{ 0x00, 0xbc, 0x2d, 0xaf, 0x00, 0x00, 0x00, 0x00, 0x0b, 0xaf, 0x00, 0x00, 0x00, 0x00, 0x0f, 0x00 },	/* screen 6f r11 c12 */
	{ 0x00, 0x18, 0x2d, 0x4f, 0x00, 0x00, 0x00, 0x00, 0x0b, 0x4f, 0x00, 0x00, 0x00, 0x00, 0x0f, 0x00 },	/* screen 70 r1 c8 */
	{ 0x00, 0x28, 0x29, 0x44, 0x00, 0x00, 0x00, 0x00, 0x0c, 0x44, 0x00, 0x00, 0x00, 0x00, 0x0a, 0x00 },	/* screen 70 r2 c8 */
	{ 0x00, 0x29, 0x2d, 0x80, 0x00, 0x00, 0x00, 0x00, 0x0b, 0x80, 0x00, 0x00, 0x00, 0x00, 0x0f, 0x00 },	/* screen 70 r2 c9 */
	{ 0x00, 0x58, 0x29, 0x59, 0x00, 0x00, 0x12, 0x10, 0x0c, 0x59, 0x00, 0x00, 0x12, 0x10, 0x0a, 0x00 },	/* screen 70 r5 c8 */
	{ 0x00, 0x9a, 0x29, 0x29, 0x00, 0x00, 0x00, 0x00, 0x0c, 0x29, 0x16, 0x10, 0x00, 0x00, 0x0a, 0x00 },	/* screen 70 r9 c10 */
	{ 0x00, 0x82, 0x2d, 0x80, 0x00, 0x00, 0x00, 0x00, 0x05, 0x0b, 0x0e, 0x18, 0x00, 0x00, 0x00, 0x36 },	/* screen 71 r8 c2 */
	{ 0x00, 0x88, 0x2d, 0x4f, 0x00, 0x00, 0x14, 0x14, 0x0c, 0x4f, 0x00, 0x00, 0x14, 0x14, 0x0f, 0x00 },	/* screen 71 r8 c8 */
	{ 0x00, 0xdb, 0x59, 0xb3, 0x00, 0x00, 0x00, 0x00, 0x0b, 0xb3, 0x00, 0x00, 0x00, 0x00, 0xb3, 0x00 },	/* screen 72 r13 c11 */
	{ 0x00, 0x19, 0x97, 0xaa, 0x00, 0x00, 0x00, 0x00, 0x7e, 0x83, 0x0e, 0x0a, 0x00, 0x00, 0x00, 0xb4 },	/* screen 73 r1 c9 */
	{ 0x00, 0x39, 0x7f, 0x9a, 0x0e, 0x0a, 0x13, 0x0f, 0x0b, 0x9a, 0x0e, 0x0a, 0x13, 0x0f, 0xb5, 0x00 },	/* screen 73 r3 c9 */
	{ 0x00, 0x46, 0x97, 0xaa, 0x00, 0x00, 0x00, 0x00, 0x09, 0x83, 0x00, 0x00, 0x00, 0x00, 0x00, 0xb4 },	/* screen 73 r4 c6 */
	{ 0x00, 0x9e, 0x29, 0x37, 0x00, 0x00, 0x1a, 0x0c, 0x0c, 0x37, 0x00, 0x00, 0x1a, 0x0c, 0x0a, 0x00 },	/* screen 73 r9 c14 */
	{ 0x00, 0xab, 0x2b, 0x36, 0x00, 0x00, 0x18, 0x10, 0x0d, 0x36, 0x00, 0x00, 0x18, 0x10, 0x28, 0x00 },	/* screen 73 r10 c11 */
	{ 0x00, 0xac, 0x2d, 0x34, 0x00, 0x00, 0x14, 0x10, 0x0e, 0x34, 0x00, 0x00, 0x14, 0x10, 0x0f, 0x00 },	/* screen 73 r10 c12 */
	{ 0x00, 0xad, 0x29, 0x37, 0x00, 0x00, 0x1a, 0x0c, 0x0c, 0x37, 0x00, 0x00, 0x1a, 0x0c, 0x0a, 0x00 },	/* screen 73 r10 c13 */
	{ 0x01, 0x19, 0x63, 0x37, 0x00, 0x00, 0x1c, 0x18, 0x0f, 0x37, 0x00, 0x00, 0x1c, 0x18, 0xb6, 0x00 },	/* screen 73 r17 c9 */
};
static const unsigned char qlComposeGfx[182][32] = {
	{ 0xfc, 0xf0, 0xf8, 0x70, 0x33, 0xf0, 0xd8, 0xd0, 0x00, 0xfc, 0xf8, 0x70, 0x00, 0x33, 0xd8, 0xd0, 0x00, 0x33, 0xfc, 0x70, 0x00, 0xcc, 0x33, 0xf0, 0x33, 0x00, 0x00, 0xfc, 0xcc, 0x00, 0x00, 0x33 },
	{ 0xfe, 0xfc, 0xff, 0xfc, 0x33, 0xf2, 0xff, 0xf3, 0x00, 0xfe, 0xfc, 0xff, 0x00, 0x33, 0xf2, 0xff, 0x00, 0x00, 0xfe, 0xfc, 0x00, 0x00, 0x33, 0xf2, 0x00, 0x00, 0x00, 0xfe, 0x00, 0x00, 0x00, 0x33 },
	{ 0xee, 0xfe, 0xee, 0xfc, 0xf3, 0xba, 0xff, 0xf1, 0xfc, 0xfe, 0xf4, 0xff, 0xf0, 0xf3, 0xf3, 0xff, 0xfc, 0xf0, 0xff, 0xdd, 0xff, 0xf0, 0xf3, 0x77, 0xf2, 0xfc, 0xf0, 0xdd, 0xf3, 0xff, 0xf0, 0xf3 },
	{ 0xf3, 0xe2, 0xfc, 0xf0, 0xf3, 0xf3, 0xff, 0xf0, 0xe2, 0xe2, 0xf2, 0xfc, 0xf7, 0xf3, 0xf3, 0xff, 0xe6, 0xf2, 0xf3, 0xe2, 0xf7, 0xf4, 0xf3, 0xf3, 0xfc, 0xf6, 0xe2, 0xe2, 0xf0, 0xf4, 0xff, 0xf3 },
	{ 0xfc, 0xf0, 0xf0, 0xf3, 0x33, 0xf0, 0xf0, 0xcc, 0x00, 0xfc, 0xf3, 0x00, 0x00, 0x33, 0xcc, 0x00, 0x00, 0x33, 0xcc, 0x00, 0x00, 0xfc, 0xf3, 0x00, 0x33, 0xf0, 0xf0, 0xcc, 0xfc, 0xf0, 0xf0, 0xf3 },
	{ 0xfc, 0xf0, 0xe6, 0xf2, 0x33, 0xf0, 0xf4, 0xf5, 0x00, 0xfc, 0xf0, 0xf7, 0x00, 0x33, 0xf0, 0xf4, 0x00, 0x33, 0xfc, 0xf0, 0x00, 0xfc, 0xf3, 0xf0, 0x33, 0xf0, 0xf0, 0xfc, 0xfc, 0xf0, 0xf0, 0xf3 },
	{ 0xee, 0xfe, 0xee, 0xfc, 0x33, 0xba, 0xff, 0xf1, 0x00, 0xfe, 0xf4, 0xff, 0x00, 0x33, 0xf3, 0xff, 0x00, 0x33, 0xff, 0xdd, 0x00, 0xfc, 0xf3, 0x77, 0x33, 0xf0, 0xf0, 0xdd, 0xfc, 0xf0, 0xf0, 0xf3 },
	{ 0xff, 0xfe, 0xee, 0xfc, 0x33, 0xba, 0xff, 0xc3, 0x00, 0xfe, 0xf4, 0x0f, 0x00, 0x33, 0xc3, 0x0f, 0x00, 0x33, 0xcf, 0x0f, 0x00, 0xfc, 0xf3, 0x0f, 0x33, 0xf0, 0xf0, 0xcf, 0xfc, 0xf0, 0xf0, 0xf3 },
	{ 0xcc, 0x00, 0x00, 0x33, 0x33, 0x00, 0x00, 0xcc, 0x00, 0xcc, 0x33, 0x00, 0x00, 0x33, 0xcc, 0x00, 0x00, 0x33, 0x00, 0x00, 0x00, 0xcc, 0x00, 0x00, 0x33, 0x00, 0x00, 0x00, 0xcc, 0x00, 0x00, 0x00 },
	{ 0xcc, 0x00, 0x00, 0x30, 0x33, 0x00, 0x00, 0xf3, 0x00, 0xcc, 0x30, 0xff, 0x00, 0x33, 0xf2, 0xff, 0x00, 0x30, 0xfe, 0xfc, 0x00, 0xf3, 0x76, 0xf2, 0x30, 0xdd, 0xfc, 0xfe, 0xf2, 0x77, 0xf3, 0xfe },
	{ 0xcc, 0x00, 0x00, 0x33, 0x33, 0x00, 0x00, 0xcc, 0x00, 0xcc, 0x33, 0x00, 0x00, 0x33, 0xcc, 0x00, 0x00, 0x00, 0xcc, 0x00, 0x00, 0x00, 0x33, 0x00, 0x00, 0x00, 0x00, 0xcc, 0x00, 0x00, 0x00, 0x33 },
	{ 0xff, 0xfe, 0xee, 0xff, 0xff, 0xba, 0xff, 0xcc, 0xee, 0xfe, 0xf7, 0x00, 0xbb, 0xb8, 0xcc, 0x00, 0xee, 0xff, 0xcc, 0x00, 0xbb, 0xfc, 0xf3, 0x00, 0xff, 0xf0, 0xf0, 0xcc, 0xfc, 0xf0, 0xf0, 0xf3 },
	{ 0x7c, 0x3e, 0xf0, 0xf3, 0x2f, 0xf2, 0xf0, 0xcc, 0x3e, 0xf0, 0xf3, 0x00, 0xf2, 0xf0, 0xcc, 0x00, 0xf0, 0xf3, 0xcc, 0x00, 0xf0, 0xfc, 0xf3, 0x00, 0xf3, 0xf0, 0xf0, 0xcc, 0xfc, 0xf0, 0xf0, 0xf3 },
	{ 0xfc, 0xf0, 0xf0, 0xf0, 0x33, 0xf0, 0xf0, 0xf3, 0x00, 0xfc, 0xf0, 0xff, 0x00, 0x33, 0xf2, 0xff, 0x00, 0x30, 0xfe, 0xfc, 0x00, 0xf3, 0x76, 0xf2, 0x30, 0xdd, 0xfc, 0xfe, 0xf2, 0x77, 0xf3, 0xfe },
	{ 0xcc, 0x00, 0x00, 0x33, 0xf3, 0x00, 0x00, 0xcc, 0xf0, 0xcc, 0x33, 0x00, 0xf0, 0xfb, 0xcc, 0x00, 0xfc, 0xf8, 0xcc, 0x00, 0xfb, 0xe8, 0xf3, 0x00, 0xf8, 0xfc, 0xb0, 0xcc, 0xf8, 0xf3, 0xf0, 0xfb },
	{ 0xfe, 0xfc, 0xff, 0xfc, 0xfe, 0xf2, 0xff, 0xc3, 0xfc, 0xfe, 0xfc, 0x0f, 0xf3, 0x76, 0xc3, 0x0f, 0xdd, 0xfc, 0x0f, 0x0f, 0x33, 0xc3, 0x0f, 0x0f, 0x00, 0xcf, 0x0f, 0x0f, 0x00, 0x33, 0x0f, 0x0f },
	{ 0xfc, 0xf0, 0xc7, 0xe3, 0x33, 0xf0, 0xf4, 0x4f, 0x00, 0xfc, 0xf0, 0xc7, 0x00, 0x33, 0xf0, 0xf4, 0x00, 0x33, 0xfc, 0xf0, 0x00, 0xfc, 0xf3, 0xf0, 0x33, 0xf0, 0xf0, 0xfc, 0xfc, 0xf0, 0xf0, 0xf3 },
	{ 0xfe, 0xfc, 0xff, 0xfc, 0x33, 0xf2, 0xff, 0xc3, 0x00, 0xfe, 0xfc, 0x0f, 0x00, 0x33, 0xc3, 0x0f, 0x00, 0x33, 0xcf, 0x0f, 0x00, 0xcc, 0x33, 0x0f, 0x33, 0x00, 0x00, 0xcf, 0xcc, 0x00, 0x00, 0x33 },
	{ 0xcc, 0x11, 0x88, 0x33, 0x33, 0x67, 0x6e, 0xcc, 0x11, 0x8f, 0x1f, 0x88, 0x67, 0x6f, 0x6f, 0x6e, 0x9f, 0x1f, 0x8f, 0x9f, 0xbf, 0x0f, 0x0f, 0xdf, 0x9f, 0x1f, 0x8f, 0x9f, 0xef, 0xef, 0x7f, 0x7f },
	{ 0xef, 0x0f, 0xdf, 0x7f, 0xf3, 0x8f, 0xdf, 0xfc, 0xf1, 0xef, 0xff, 0xf8, 0xe7, 0x7f, 0xef, 0x7e, 0x9f, 0x1f, 0x8f, 0x9f, 0xbf, 0x0f, 0x0f, 0xdf, 0x9f, 0x1f, 0x8f, 0x9f, 0xe7, 0xef, 0x7f, 0x7e },
	{ 0xcc, 0x00, 0x00, 0x33, 0x33, 0x00, 0x00, 0xcc, 0x00, 0xcc, 0x33, 0x00, 0x00, 0x33, 0xcc, 0x00, 0x00, 0x33, 0xcc, 0x00, 0x00, 0xfc, 0xf3, 0x00, 0x33, 0xf0, 0xf0, 0xcc, 0xfc, 0xf0, 0xf0, 0xf3 },
	{ 0xfc, 0xf0, 0xf0, 0xf3, 0xf3, 0xf0, 0xf0, 0xcc, 0xf0, 0xfc, 0xf3, 0x00, 0xf0, 0xfb, 0xcc, 0x00, 0xfc, 0xf8, 0xcc, 0x00, 0xfb, 0xe8, 0xf3, 0x00, 0xf8, 0xfc, 0xb0, 0xcc, 0xf8, 0xf3, 0xf0, 0xfb },
	{ 0xfc, 0xf0, 0xf0, 0xf3, 0x73, 0xf0, 0xf0, 0xcc, 0xd0, 0xfc, 0xf3, 0x00, 0x70, 0xf3, 0xcc, 0x00, 0xd0, 0xf0, 0xcc, 0x00, 0x70, 0x70, 0xfb, 0x00, 0xd0, 0xf0, 0xd8, 0xcc, 0x70, 0x70, 0xf8, 0x73 },
	{ 0xfe, 0xfc, 0xff, 0xfc, 0xfe, 0xf2, 0xff, 0xf1, 0xfc, 0xfe, 0xfc, 0xff, 0xf3, 0x76, 0xf3, 0xff, 0xdd, 0xfc, 0xff, 0xdd, 0x77, 0xf3, 0xff, 0x77, 0xfc, 0xff, 0xdd, 0xdd, 0xf3, 0xff, 0x77, 0x77 },
	{ 0xff, 0xfe, 0xee, 0xfc, 0xff, 0xba, 0xff, 0xf3, 0xee, 0xfe, 0xf4, 0x00, 0xbb, 0xb8, 0xc0, 0x00, 0xee, 0xfc, 0x00, 0x00, 0xbb, 0xc0, 0x88, 0x88, 0xfc, 0x00, 0x00, 0x00, 0xc0, 0x22, 0x22, 0x30 },
	{ 0x7c, 0x3e, 0xf0, 0xf3, 0x2f, 0xf2, 0xf0, 0xcc, 0x3e, 0xf0, 0xf3, 0x00, 0xf2, 0xf0, 0xcc, 0x00, 0xf0, 0xf3, 0xcc, 0x00, 0xf0, 0xcc, 0x33, 0x00, 0xf3, 0x00, 0x00, 0xcc, 0xcc, 0x00, 0x00, 0x33 },
	{ 0xfc, 0xf0, 0xc7, 0xe3, 0xf3, 0xf0, 0xf4, 0x4f, 0xf0, 0xfc, 0xf0, 0xc7, 0xf0, 0xfb, 0xf0, 0xf4, 0xfc, 0xf8, 0xfc, 0xf0, 0xfb, 0xe8, 0xf3, 0xf0, 0xf8, 0xfc, 0xb0, 0xfc, 0xf8, 0xf3, 0xf0, 0xfb },
	{ 0x7c, 0x3e, 0xf0, 0xf3, 0x2f, 0xf2, 0xf0, 0xff, 0x3e, 0xf0, 0xf3, 0xff, 0xf2, 0xf0, 0xff, 0xff, 0xf0, 0xf3, 0xf7, 0xee, 0xf0, 0xfc, 0xff, 0xbb, 0xf3, 0xfe, 0xee, 0xee, 0xff, 0xfe, 0xff, 0xbb },
	{ 0xa0, 0xb3, 0xa0, 0xb3, 0x50, 0xdc, 0x50, 0xdd, 0xb3, 0x20, 0xb3, 0x11, 0xcc, 0x50, 0xdd, 0x11, 0x20, 0xb3, 0x11, 0x33, 0xd8, 0xdd, 0x11, 0xfc, 0xb3, 0x11, 0x33, 0xfc, 0xdd, 0x11, 0x77, 0xbf },
	{ 0xfe, 0xfc, 0xff, 0xff, 0xfe, 0xf2, 0xff, 0xdc, 0xfc, 0xfe, 0xff, 0xa0, 0xf3, 0x76, 0xcc, 0x50, 0xdd, 0xff, 0x62, 0xb3, 0x77, 0xcc, 0xa0, 0xfc, 0xff, 0x20, 0x73, 0xe0, 0xdc, 0x50, 0xfc, 0x10 },
	{ 0xfe, 0xfc, 0xff, 0xff, 0xfe, 0xf2, 0xff, 0xff, 0xfc, 0xfe, 0xff, 0xff, 0xf3, 0x76, 0xf4, 0xff, 0xdd, 0xfc, 0x7c, 0xf3, 0x77, 0xc3, 0x7c, 0xf0, 0xfc, 0x0f, 0x7c, 0xf0, 0xc3, 0x0f, 0x7c, 0xf0 },
	{ 0xfc, 0xf0, 0xfc, 0xf8, 0xff, 0xf0, 0xfb, 0xf8, 0xfc, 0xfc, 0xf8, 0xfc, 0xf3, 0x77, 0xe8, 0xf3, 0xdd, 0xfc, 0xfc, 0xb0, 0x77, 0xf3, 0x77, 0xf0, 0xfc, 0xdd, 0xfc, 0xfc, 0xf2, 0x77, 0xf3, 0xff },
	{ 0x11, 0x33, 0xfc, 0xf8, 0x11, 0xfe, 0xfb, 0xf8, 0x33, 0xfe, 0xf8, 0xfc, 0xff, 0xf3, 0xe8, 0xf3, 0xfc, 0xe3, 0xfc, 0xb0, 0xf0, 0xe3, 0x3f, 0xf0, 0xf0, 0xe3, 0x0f, 0xfc, 0xf0, 0xe3, 0x0f, 0x3f },
	{ 0xfc, 0xf0, 0xc7, 0xe3, 0x33, 0xf0, 0xf4, 0x4f, 0x00, 0xfc, 0xf0, 0xc7, 0x00, 0x33, 0xf0, 0xf4, 0x00, 0x33, 0xfc, 0xf0, 0x00, 0xcc, 0x33, 0xf0, 0x33, 0x00, 0x00, 0xfc, 0xcc, 0x00, 0x00, 0x33 },
	{ 0xfc, 0xb3, 0xe0, 0xb3, 0xf3, 0xfc, 0x50, 0xfc, 0xf0, 0xec, 0xb3, 0xe0, 0xf0, 0xfb, 0xfc, 0x50, 0xfc, 0xf8, 0xee, 0xb3, 0xfb, 0xe8, 0xf3, 0xfc, 0xf8, 0xfc, 0xb0, 0xec, 0xf8, 0xf3, 0xf0, 0xfb },
	{ 0xf0, 0xb3, 0xe0, 0xb0, 0xd0, 0xfc, 0x50, 0xf3, 0xb3, 0xe0, 0xb0, 0xff, 0xfc, 0x50, 0xf2, 0xff, 0xe0, 0xb0, 0xfe, 0xfc, 0xd8, 0xf3, 0x76, 0xf2, 0xb0, 0xdd, 0xfc, 0xfe, 0xf2, 0x77, 0xf3, 0xfe },
	{ 0xfe, 0xfc, 0xff, 0xfc, 0xfe, 0xf2, 0xff, 0xc0, 0xfc, 0xfe, 0xfc, 0x00, 0xf3, 0x76, 0xc0, 0x00, 0xdd, 0xfc, 0xcc, 0x00, 0x77, 0xc0, 0x33, 0x00, 0xfc, 0x00, 0x00, 0xcc, 0xc0, 0x00, 0x00, 0x33 },
	{ 0xfc, 0xf0, 0xfc, 0xf8, 0x33, 0xf0, 0xfb, 0xf8, 0xf3, 0xfc, 0xf8, 0xfc, 0xf7, 0xff, 0xe8, 0xf3, 0xf7, 0xfc, 0xfc, 0xb0, 0xf7, 0xc3, 0x3f, 0xf0, 0xf4, 0x0f, 0x0f, 0xfc, 0xc3, 0x0f, 0x0f, 0x3f },
	{ 0x7c, 0x3e, 0xf0, 0xf0, 0x2f, 0xf2, 0xf0, 0xf3, 0x3e, 0xf0, 0xf0, 0xff, 0xf2, 0xf0, 0xf2, 0xff, 0xf0, 0xf0, 0xfe, 0xfc, 0xf0, 0xf3, 0x76, 0xf2, 0xf0, 0xdd, 0xfc, 0xfe, 0xf2, 0x77, 0xf3, 0xfe },
	{ 0xfc, 0xf0, 0xfc, 0xf8, 0x33, 0xf0, 0xfb, 0xf8, 0x00, 0xfc, 0xf8, 0xfc, 0x00, 0x33, 0xe8, 0xf3, 0x00, 0x33, 0xfc, 0xb0, 0x00, 0xcc, 0x33, 0xf0, 0x33, 0x00, 0x00, 0xfc, 0xcc, 0x00, 0x00, 0x33 },
	{ 0x7c, 0x3e, 0xf0, 0xf3, 0x2f, 0xf2, 0xf0, 0xff, 0x3e, 0xf0, 0xf3, 0xff, 0xf2, 0xf0, 0xfe, 0xff, 0xf0, 0xf3, 0xfe, 0xfc, 0xf0, 0xff, 0x76, 0xf2, 0xf3, 0xdd, 0xfc, 0xfe, 0xfe, 0x77, 0xf3, 0xfe },
	{ 0xf0, 0xf3, 0x74, 0x74, 0xf0, 0xff, 0x74, 0xfc, 0xf3, 0x74, 0x74, 0x74, 0xff, 0x74, 0xfc, 0x22, 0xfc, 0x74, 0xfc, 0x32, 0xfc, 0x74, 0xfb, 0xfe, 0xfc, 0xfc, 0xba, 0xf3, 0xfc, 0xf3, 0xf2, 0xf1 },
	{ 0xfc, 0xf2, 0xf0, 0xf3, 0xf3, 0xf2, 0xf0, 0xfc, 0xf2, 0xf0, 0xf3, 0xfc, 0xf2, 0xf0, 0xec, 0xf3, 0xf0, 0xf3, 0xfc, 0xb0, 0xf0, 0xdc, 0xf3, 0xe0, 0xf3, 0xfc, 0x70, 0xfc, 0xfc, 0xf3, 0xd0, 0xfb },
	{ 0xfc, 0xf0, 0xfc, 0xf8, 0xff, 0xf0, 0xfb, 0xf8, 0x33, 0xfc, 0xf8, 0xfc, 0x00, 0xff, 0xe8, 0xf3, 0x00, 0xf3, 0xfc, 0xb0, 0x30, 0xcc, 0xbb, 0xf0, 0xf3, 0x00, 0x00, 0xfc, 0xcc, 0x22, 0x22, 0x33 },
	{ 0xff, 0xee, 0xee, 0xfc, 0x33, 0xbb, 0xbb, 0xf3, 0x00, 0xee, 0xfc, 0xff, 0x00, 0x33, 0xf3, 0xff, 0x00, 0x33, 0xff, 0xee, 0x00, 0xcc, 0x33, 0xbb, 0x33, 0x00, 0x00, 0xee, 0xcc, 0x00, 0x00, 0x33 },
	{ 0xcc, 0x00, 0x00, 0x33, 0x33, 0x00, 0x00, 0xcc, 0x00, 0xcc, 0x33, 0x00, 0x00, 0x33, 0xcc, 0x00, 0x00, 0x33, 0xcc, 0x00, 0x00, 0xcc, 0x33, 0x00, 0x33, 0x00, 0x00, 0xcc, 0xcc, 0x00, 0x00, 0x33 },
	{ 0x7c, 0x3e, 0xf0, 0xf3, 0x2f, 0xf2, 0xf0, 0xcc, 0x3e, 0xf0, 0xf3, 0x00, 0xf2, 0xf0, 0xcc, 0x00, 0xf0, 0xf3, 0xcc, 0x00, 0xf0, 0xcf, 0xff, 0x00, 0xf3, 0x0f, 0xff, 0xcc, 0xcf, 0x0f, 0xff, 0xff },
	{ 0xcc, 0x00, 0x00, 0x30, 0xff, 0x00, 0x00, 0xf3, 0xff, 0xcc, 0x30, 0xff, 0xff, 0xff, 0xf2, 0xff, 0x33, 0xfe, 0xfe, 0xfc, 0x00, 0xfe, 0xfe, 0xf2, 0x00, 0x32, 0xfc, 0xfe, 0x00, 0x10, 0xf3, 0xfe },
	{ 0xcc, 0x00, 0x00, 0xf3, 0x73, 0x88, 0xb8, 0xff, 0xd0, 0xfc, 0xf3, 0x00, 0x70, 0xf3, 0xcc, 0x00, 0xd0, 0xf0, 0xcc, 0x00, 0x70, 0x70, 0xfb, 0x88, 0xd0, 0xf0, 0xd8, 0xcc, 0x70, 0x70, 0xf8, 0x73 },
	{ 0x33, 0xff, 0xcc, 0x00, 0x00, 0xff, 0xff, 0x00, 0x00, 0x33, 0xff, 0xcc, 0x00, 0x00, 0xff, 0xff, 0x00, 0x00, 0x33, 0xff, 0x00, 0x00, 0x00, 0xff, 0x00, 0x00, 0x00, 0x33, 0x00, 0x00, 0x00, 0x00 },
	{ 0xcc, 0x00, 0x00, 0x33, 0x33, 0x00, 0x00, 0xcc, 0x00, 0xcc, 0x33, 0x00, 0x00, 0x33, 0xcc, 0x00, 0x00, 0x33, 0xcc, 0x00, 0x00, 0xcc, 0xff, 0x00, 0x33, 0x00, 0xff, 0xcc, 0xcc, 0x00, 0xff, 0xff },
	{ 0xfc, 0xf0, 0xf8, 0xf8, 0x33, 0xf0, 0xd8, 0xd0, 0x00, 0xfc, 0xf8, 0xf8, 0x00, 0x33, 0xd8, 0xd0, 0x00, 0x33, 0xfc, 0xf8, 0x00, 0xfc, 0xf3, 0xd0, 0x33, 0xf0, 0xf0, 0xfc, 0xfc, 0xf0, 0xf0, 0xf3 },
	{ 0xfc, 0xf0, 0xf0, 0xf3, 0x33, 0xf0, 0xf0, 0xff, 0x00, 0xfc, 0xf3, 0xff, 0x00, 0x33, 0xff, 0xff, 0x00, 0x33, 0xf7, 0xee, 0x00, 0xfc, 0xff, 0xbb, 0x33, 0xfe, 0xee, 0xee, 0xff, 0xfe, 0xff, 0xbb },
	{ 0xcf, 0x0f, 0x0f, 0x0f, 0x33, 0x0f, 0x0f, 0x0f, 0x00, 0xcf, 0x0f, 0x0f, 0x00, 0x33, 0x0f, 0x0f, 0x00, 0x33, 0xcf, 0x0f, 0x00, 0xff, 0xf3, 0x0f, 0x33, 0xff, 0xb0, 0xcf, 0xff, 0xff, 0xf0, 0xfb },
	{ 0x88, 0x00, 0x00, 0xf3, 0xcc, 0x88, 0xb8, 0xff, 0x33, 0x70, 0xf3, 0xff, 0x00, 0xff, 0xff, 0xff, 0x00, 0xf3, 0xf7, 0xee, 0x30, 0xfc, 0xff, 0xbb, 0xf3, 0xfe, 0xee, 0xee, 0xff, 0xfe, 0xff, 0xbb },
	{ 0xfe, 0xfc, 0xff, 0xfc, 0xfe, 0xf2, 0xff, 0xf3, 0xfc, 0xfe, 0xfc, 0x00, 0xf3, 0x76, 0xc0, 0x00, 0xdd, 0xfc, 0x00, 0x00, 0x77, 0xc0, 0x88, 0x88, 0xfc, 0x00, 0x00, 0x00, 0xc0, 0x22, 0x22, 0x30 },
	{ 0xfc, 0xf0, 0xfc, 0xf8, 0x33, 0xf0, 0xfb, 0xf8, 0x00, 0xfc, 0xf8, 0xfc, 0x00, 0x33, 0xe8, 0xf3, 0x00, 0x33, 0xfc, 0xb0, 0x00, 0xfc, 0xf3, 0xf0, 0x33, 0xf0, 0xf0, 0xfc, 0xfc, 0xf0, 0xf0, 0xf3 },
	{ 0xee, 0xfe, 0xee, 0xfc, 0x73, 0xba, 0xff, 0xf1, 0xb3, 0xfe, 0xf4, 0xff, 0xcc, 0x73, 0xf3, 0xff, 0x20, 0xb3, 0xff, 0xdd, 0xd8, 0xcc, 0xb3, 0x77, 0xb3, 0x20, 0x73, 0xdd, 0xdc, 0x50, 0xdc, 0x33 },
	{ 0xf0, 0xe2, 0x74, 0xf4, 0xf0, 0xff, 0xfc, 0xfc, 0xf3, 0x74, 0xf4, 0x74, 0x77, 0xfc, 0xfc, 0x22, 0x74, 0xf4, 0x74, 0x32, 0x74, 0xfc, 0xaa, 0xfe, 0xf4, 0x74, 0x32, 0xf3, 0xfc, 0x22, 0xf2, 0xf1 },
	{ 0xcc, 0x00, 0x00, 0xf3, 0xf3, 0x88, 0xb8, 0xff, 0xf0, 0xfc, 0xf3, 0x00, 0xf0, 0xfb, 0xcc, 0x00, 0xfc, 0xf8, 0xcc, 0x00, 0xfb, 0xe8, 0xf3, 0x88, 0xf8, 0xfc, 0xb0, 0xcc, 0xf8, 0xf3, 0xf0, 0xfb },
	{ 0xfc, 0xf0, 0xc4, 0xf3, 0xff, 0xf0, 0xf4, 0xff, 0x33, 0xfc, 0xf0, 0xc4, 0x00, 0xff, 0xf0, 0xf4, 0x00, 0xf3, 0xfc, 0xf0, 0x30, 0xcc, 0xbb, 0xf0, 0xf3, 0x00, 0x00, 0xfc, 0xcc, 0x22, 0x22, 0x33 },
	{ 0xfc, 0xf0, 0xf8, 0x70, 0xff, 0xf0, 0xd8, 0xd0, 0x33, 0xfc, 0xf8, 0x70, 0x00, 0xff, 0xd8, 0xd0, 0x00, 0xf3, 0xfc, 0x70, 0x30, 0xcc, 0xbb, 0xf0, 0xf3, 0x00, 0x00, 0xfc, 0xcc, 0x22, 0x22, 0x33 },
	{ 0xff, 0xfe, 0xee, 0xfc, 0xff, 0xba, 0xff, 0xc0, 0xee, 0xfe, 0xf4, 0x00, 0xbb, 0xb8, 0xc0, 0x00, 0xee, 0xfc, 0xcc, 0x00, 0xbb, 0xf0, 0xf3, 0x00, 0xfc, 0xf0, 0xf0, 0xcc, 0xf0, 0xf0, 0xf0, 0xf3 },
	{ 0xfc, 0xf0, 0xf0, 0xf3, 0x33, 0xf0, 0xf0, 0xcc, 0x00, 0xfc, 0xf3, 0x00, 0x00, 0x33, 0xcc, 0x00, 0x00, 0x33, 0xcc, 0x00, 0x00, 0xfc, 0xff, 0x00, 0x33, 0xf0, 0xff, 0xcc, 0xfc, 0xf0, 0xff, 0xff },
	{ 0x88, 0x00, 0x00, 0xf0, 0xcc, 0x88, 0xb8, 0xf3, 0x33, 0x70, 0xf0, 0xff, 0x00, 0xff, 0xf2, 0xff, 0x00, 0xf0, 0xfe, 0xfc, 0x30, 0xf3, 0x76, 0xf2, 0xf0, 0xdd, 0xfc, 0xfe, 0xf2, 0x77, 0xf3, 0xfe },
	{ 0xfc, 0xf0, 0xf0, 0xf3, 0x33, 0xf0, 0xf0, 0xcc, 0x00, 0xfc, 0xf3, 0x00, 0x00, 0x33, 0xcc, 0x00, 0x00, 0x33, 0xcc, 0x00, 0x00, 0xff, 0xf3, 0x00, 0x33, 0xff, 0xb0, 0xcc, 0xff, 0xff, 0xf0, 0xfb },
	{ 0xe3, 0xe3, 0x7c, 0xf0, 0xe3, 0xe3, 0xff, 0xf0, 0xe3, 0xe3, 0xf3, 0xfc, 0xc7, 0xe3, 0xf3, 0xff, 0xc7, 0xe3, 0xf3, 0xf2, 0xf7, 0x4f, 0xf3, 0xf2, 0xfc, 0xc7, 0xf3, 0xf2, 0xf0, 0xf4, 0x7f, 0xf2 },
	{ 0xfc, 0xf0, 0xf4, 0xf2, 0xff, 0xf0, 0xf4, 0xf7, 0xcf, 0xfc, 0xf0, 0xf7, 0xf7, 0xf3, 0xf0, 0xf4, 0xfc, 0xf0, 0xfc, 0xf0, 0xfc, 0xf3, 0xff, 0xf0, 0xfc, 0xff, 0xfc, 0xfc, 0xf7, 0xff, 0xf3, 0xff },
	{ 0xfe, 0xfc, 0xff, 0xfc, 0x33, 0xf2, 0xff, 0xf3, 0x00, 0xfe, 0xfc, 0xff, 0x00, 0x33, 0xf2, 0xff, 0x00, 0x33, 0xfe, 0xfc, 0x00, 0xcc, 0x33, 0xf2, 0x33, 0x00, 0x00, 0xfe, 0xcc, 0x00, 0x00, 0x33 },
	{ 0xcc, 0x00, 0x00, 0xf3, 0x33, 0x88, 0xb8, 0xff, 0x00, 0xfc, 0xf3, 0x00, 0x00, 0x33, 0xcc, 0x00, 0x00, 0x00, 0xcc, 0x00, 0x00, 0x00, 0x33, 0x88, 0x00, 0x00, 0x00, 0xcc, 0x00, 0x00, 0x00, 0x33 },
	{ 0x00, 0xf3, 0xff, 0xfc, 0x30, 0xff, 0xff, 0xf3, 0xf3, 0xff, 0xfc, 0xff, 0xf7, 0xff, 0xf3, 0xff, 0xf7, 0xfc, 0xf7, 0xee, 0xf7, 0xf0, 0xff, 0xbb, 0xf4, 0xfe, 0xee, 0xee, 0xf3, 0xfe, 0xff, 0xbb },
	{ 0xcc, 0x00, 0x00, 0x30, 0xf3, 0x00, 0x00, 0xf3, 0xf0, 0xcc, 0x30, 0xff, 0xf0, 0xfb, 0xf2, 0xff, 0xfc, 0xf8, 0xfe, 0xfc, 0xfb, 0xf3, 0x76, 0xf2, 0xf8, 0xdd, 0xfc, 0xfe, 0xf2, 0x77, 0xf3, 0xfe },
	{ 0xfc, 0xf0, 0xcc, 0x00, 0xff, 0xf0, 0xf3, 0x00, 0x33, 0xfc, 0xf0, 0xcc, 0x00, 0xff, 0xf0, 0xf3, 0x00, 0xf3, 0xfc, 0xf1, 0x30, 0xcc, 0xbb, 0xf1, 0xf3, 0x00, 0x00, 0xfd, 0xcc, 0x22, 0x22, 0x33 },
	{ 0xcf, 0x0f, 0xfc, 0xfc, 0xcf, 0x3f, 0xf0, 0xf3, 0xcf, 0xfc, 0xf0, 0xff, 0xf7, 0xf0, 0xc0, 0xf3, 0xfc, 0xf0, 0x00, 0x30, 0xfc, 0xc0, 0x00, 0xf2, 0xfc, 0xcc, 0x30, 0xfe, 0xf3, 0xf3, 0xf3, 0xfe },
	{ 0xfc, 0xf0, 0xc4, 0xf3, 0x73, 0xf0, 0xf4, 0xff, 0xd0, 0xfc, 0xf0, 0xc4, 0x70, 0xf3, 0xf0, 0xf4, 0xd0, 0xf0, 0xfc, 0xf0, 0x70, 0x70, 0xfb, 0xf0, 0xd0, 0xf0, 0xd8, 0xfc, 0x70, 0x70, 0xf8, 0x73 },
	{ 0xcc, 0x00, 0x00, 0x33, 0x73, 0x00, 0x00, 0xcc, 0xd0, 0xcc, 0x33, 0x00, 0x70, 0xf3, 0xcc, 0x00, 0xd0, 0xf0, 0xcc, 0x00, 0x70, 0x70, 0xfb, 0x00, 0xd0, 0xf0, 0xd8, 0xcc, 0x70, 0x70, 0xf8, 0x73 },
	{ 0xfc, 0xf0, 0xf8, 0x73, 0x3f, 0xf0, 0xd8, 0xcc, 0x0f, 0xfc, 0xfb, 0x00, 0x0f, 0x3f, 0xcc, 0x00, 0x0f, 0x3f, 0xcc, 0x00, 0x0f, 0xcc, 0x33, 0x00, 0x3f, 0x00, 0x00, 0xcc, 0xcc, 0x00, 0x00, 0x33 },
	{ 0xcc, 0x11, 0xfc, 0xf8, 0x33, 0x11, 0xfb, 0xf8, 0x00, 0xdd, 0xf8, 0xfc, 0x00, 0x33, 0xe8, 0xf3, 0x00, 0x00, 0xfc, 0xb0, 0x00, 0x00, 0x33, 0xe0, 0x00, 0x00, 0x00, 0xfc, 0x00, 0x00, 0x00, 0x33 },
	{ 0xfc, 0xe3, 0x7c, 0x7c, 0xf3, 0x7f, 0x7c, 0x7c, 0xfc, 0xfc, 0x7c, 0x7c, 0xf0, 0xf3, 0x7c, 0x2f, 0x7c, 0xf0, 0xfc, 0x3e, 0xfe, 0xf0, 0xf3, 0xfe, 0xf2, 0x7c, 0xf0, 0xff, 0xf2, 0xef, 0xf0, 0xf3 },
	{ 0xf2, 0xf2, 0xf4, 0xf0, 0xe3, 0xf2, 0xfe, 0xf0, 0xf2, 0xf2, 0xf3, 0x7c, 0xf6, 0xf2, 0xe3, 0xef, 0xf4, 0xf3, 0xe3, 0xe3, 0xf7, 0xcf, 0xe3, 0xe3, 0xfc, 0xc7, 0xe3, 0xe3, 0xf0, 0xf4, 0x4f, 0xe3 },
	{ 0xf0, 0xf2, 0xf4, 0xf4, 0xf0, 0xf7, 0xf4, 0xfc, 0xe2, 0xfc, 0xf4, 0x74, 0x77, 0x74, 0xfc, 0x22, 0x74, 0x74, 0xfc, 0x32, 0x74, 0xfc, 0xf3, 0xfe, 0x74, 0xf4, 0xf2, 0xf3, 0xfc, 0xf2, 0xf2, 0xf1 },
	{ 0xfc, 0xf2, 0xf0, 0xf3, 0x33, 0xf2, 0xf0, 0xcc, 0x32, 0xf0, 0xf3, 0x00, 0xf2, 0xf0, 0xcc, 0x00, 0xf0, 0xf3, 0xcc, 0x00, 0xf0, 0xfc, 0xf3, 0x00, 0xf3, 0xf0, 0xf0, 0xcc, 0xfc, 0xf0, 0xf0, 0xf3 },
	{ 0xfc, 0xf0, 0xf8, 0xfb, 0xf3, 0xf0, 0xd8, 0xfc, 0xb0, 0xfc, 0xfb, 0xf3, 0xf1, 0xf3, 0xfc, 0xf0, 0xb0, 0xb3, 0xf0, 0xf2, 0xf1, 0xfc, 0xf0, 0xf7, 0xb3, 0xf0, 0xf2, 0xfc, 0xfc, 0xf0, 0xf7, 0xf4 },
	{ 0xfc, 0xf0, 0xf8, 0xfb, 0xf3, 0xf0, 0xd8, 0xcc, 0xb0, 0xfc, 0xfb, 0x00, 0xf1, 0xf3, 0xcc, 0x00, 0xb0, 0xb3, 0xcc, 0x00, 0xf1, 0xfc, 0xf3, 0x00, 0xb3, 0xf0, 0xf0, 0xcc, 0xfc, 0xf0, 0xf0, 0xf3 },
	{ 0xf0, 0xf2, 0x74, 0x74, 0xf0, 0xf7, 0xf4, 0xf4, 0xf2, 0xfc, 0x74, 0x74, 0xf7, 0xf4, 0xf4, 0xf3, 0xf4, 0xf4, 0xfc, 0x72, 0xf4, 0xf4, 0xfb, 0xfe, 0xf4, 0xf4, 0xfa, 0xf3, 0xf4, 0xf2, 0xf2, 0xf1 },
	{ 0xfc, 0xf2, 0xf0, 0xf3, 0xf3, 0xf2, 0xf0, 0xcc, 0xb2, 0xf0, 0xf3, 0x00, 0xf2, 0xf0, 0xcc, 0x00, 0xf0, 0xf3, 0xcc, 0x00, 0xf0, 0xfc, 0xf3, 0x00, 0xf3, 0xf0, 0xf0, 0xcc, 0xfc, 0xf0, 0xf0, 0xf3 },
	{ 0xfc, 0xf0, 0xf8, 0x73, 0x3f, 0xf0, 0xd8, 0xcc, 0x0f, 0xfc, 0xfb, 0x00, 0x0f, 0x3f, 0xcc, 0x00, 0x0f, 0x3f, 0xcc, 0x00, 0x0f, 0xfc, 0xf3, 0x00, 0x3f, 0xf0, 0xf0, 0xcc, 0xfc, 0xf0, 0xf0, 0xf3 },
	{ 0xff, 0xf0, 0xff, 0xfc, 0xff, 0xf0, 0xff, 0xf2, 0xfc, 0xfc, 0xfc, 0xfe, 0xf3, 0xf3, 0xf2, 0xfe, 0xff, 0xf0, 0xfe, 0xfc, 0xff, 0xf0, 0xfe, 0xc0, 0xfc, 0xfc, 0xfc, 0xcc, 0xf0, 0xf3, 0xf0, 0xf3 },
	{ 0xff, 0xfe, 0xee, 0xfc, 0xff, 0xba, 0xff, 0xc0, 0xee, 0xfe, 0xf4, 0x00, 0xbb, 0xb8, 0xc0, 0x00, 0xee, 0xfc, 0xcc, 0x00, 0xbb, 0xc0, 0x33, 0x00, 0xfc, 0x00, 0x00, 0xcc, 0xc0, 0x00, 0x00, 0x33 },
	{ 0xf0, 0xf2, 0xfc, 0xfc, 0xf0, 0xf7, 0xfc, 0xfc, 0xf2, 0xfc, 0xfc, 0xfc, 0xff, 0xfc, 0xf4, 0xfb, 0xfc, 0xfc, 0xfc, 0xfa, 0xfc, 0xfc, 0xff, 0xfe, 0xfc, 0xfc, 0xfe, 0xf3, 0xfc, 0xf3, 0xf2, 0xf1 },
	{ 0xfc, 0xf0, 0xff, 0xfb, 0xfb, 0xf0, 0xff, 0xcc, 0xf8, 0xfc, 0xff, 0x00, 0xf8, 0xfb, 0xcc, 0x00, 0xfc, 0xfb, 0x00, 0x00, 0xfb, 0xcc, 0x00, 0x00, 0xfb, 0x00, 0x00, 0x00, 0xcc, 0x00, 0x00, 0x00 },
	{ 0xcc, 0x00, 0x00, 0x33, 0x33, 0x00, 0x00, 0xff, 0x00, 0xcc, 0x33, 0xff, 0x00, 0x33, 0xff, 0xff, 0x00, 0x00, 0xff, 0xcc, 0x00, 0x00, 0x33, 0x00, 0x00, 0x00, 0x00, 0xcc, 0x00, 0x00, 0x00, 0x33 },
	{ 0xfc, 0xf0, 0xf8, 0x70, 0x33, 0xf0, 0xd8, 0xd0, 0x00, 0xfc, 0xf8, 0x70, 0x00, 0x33, 0xd8, 0xd0, 0x00, 0x00, 0xfc, 0x73, 0x00, 0x00, 0x33, 0xcc, 0x00, 0x00, 0x33, 0x00, 0x00, 0x00, 0xcc, 0x00 },
	{ 0xfc, 0xf0, 0xf8, 0x70, 0x33, 0xf0, 0xd8, 0xd0, 0x00, 0xfc, 0xf8, 0x70, 0x00, 0x33, 0xd8, 0xd0, 0x00, 0x33, 0xfc, 0x70, 0x00, 0xfc, 0xf3, 0xf0, 0x33, 0xf0, 0xf0, 0xfc, 0xfc, 0xf0, 0xf0, 0xf3 },
	{ 0xfc, 0xf0, 0xf0, 0xf3, 0x33, 0xf0, 0xf0, 0xcc, 0x00, 0xfc, 0xf3, 0x00, 0x00, 0x33, 0xcc, 0x00, 0x00, 0x33, 0xcc, 0x00, 0x00, 0xcc, 0x33, 0x00, 0x33, 0x00, 0x00, 0xcc, 0xcc, 0x00, 0x00, 0x33 },
	{ 0xfc, 0xf0, 0xfc, 0xf8, 0x33, 0xf0, 0xfb, 0xf8, 0x00, 0xfc, 0xf8, 0xfc, 0x00, 0x33, 0xe8, 0xf3, 0x00, 0x30, 0xfc, 0xb0, 0x00, 0xf3, 0x77, 0xf0, 0x30, 0xdd, 0xfc, 0xfc, 0xf2, 0x77, 0xf3, 0xff },
	{ 0xfe, 0xfc, 0xff, 0xff, 0xfe, 0xf2, 0xff, 0xcc, 0xfc, 0xfe, 0xff, 0x00, 0xf3, 0x76, 0xcc, 0x00, 0xdd, 0xfc, 0xcc, 0x00, 0x77, 0xf3, 0xff, 0x00, 0xfc, 0xdd, 0xff, 0xcc, 0xf2, 0x77, 0xff, 0xff },
	{ 0xfe, 0xff, 0x33, 0xff, 0xfe, 0xcc, 0x00, 0xff, 0xff, 0x00, 0x00, 0x33, 0xcc, 0x00, 0x00, 0x00, 0xcc, 0x00, 0x00, 0x00, 0xff, 0x00, 0x00, 0x00, 0xff, 0xcc, 0x00, 0x00, 0xff, 0xff, 0x00, 0x00 },
	{ 0xcf, 0x0f, 0x0f, 0x0f, 0x33, 0x0f, 0x0f, 0x3f, 0x00, 0xcf, 0x0f, 0xff, 0x00, 0x33, 0x3f, 0xff, 0x00, 0x33, 0xf7, 0xee, 0x00, 0xfc, 0xff, 0xbb, 0x33, 0xfe, 0xee, 0xee, 0xff, 0xfe, 0xff, 0xbb },
	{ 0xcc, 0x00, 0x00, 0x33, 0x33, 0x00, 0x00, 0xff, 0x00, 0xcc, 0x33, 0xff, 0x00, 0x33, 0xff, 0xff, 0x00, 0x33, 0xf7, 0xee, 0x00, 0xfc, 0xff, 0xbb, 0x33, 0xfe, 0xee, 0xee, 0xff, 0xfe, 0xff, 0xbb },
	{ 0xfc, 0xf8, 0x70, 0x71, 0xf3, 0xd0, 0xd0, 0xf1, 0xf0, 0xfc, 0x70, 0x71, 0xf0, 0xfb, 0xd0, 0xd1, 0xfc, 0xf8, 0xfc, 0x71, 0xfb, 0xe8, 0xf3, 0xf1, 0xf8, 0xfc, 0xb0, 0xfd, 0xf8, 0xf3, 0xf0, 0xfb },
	{ 0x88, 0x00, 0x00, 0xf3, 0xcc, 0x88, 0xb8, 0xcc, 0x33, 0x70, 0xf3, 0x00, 0x00, 0xff, 0xcc, 0x00, 0x00, 0xf3, 0xcc, 0x00, 0x30, 0xfc, 0xf3, 0x00, 0xf3, 0xf0, 0xf0, 0xcc, 0xfc, 0xf0, 0xf0, 0xf3 },
	{ 0x11, 0x33, 0xf8, 0x70, 0x11, 0xfe, 0xd8, 0xd0, 0x33, 0xfe, 0xf8, 0x70, 0xff, 0xf3, 0xd8, 0xd0, 0xfc, 0xe3, 0xfc, 0x70, 0xf0, 0xe3, 0x3f, 0xf0, 0xf0, 0xe3, 0x0f, 0xfc, 0xf0, 0xe3, 0x0f, 0x3f },
	{ 0x88, 0x00, 0x00, 0xf3, 0xcc, 0x88, 0xb8, 0xcc, 0x33, 0x70, 0xf3, 0x00, 0x00, 0xff, 0xcc, 0x00, 0x00, 0xf3, 0xcc, 0x00, 0x30, 0xcc, 0x33, 0x00, 0xf3, 0x00, 0x00, 0xcc, 0xcc, 0x00, 0x00, 0x33 },
	{ 0x88, 0x00, 0x00, 0xf3, 0xcc, 0x88, 0xb8, 0xcc, 0x33, 0x70, 0xf3, 0x00, 0x00, 0xff, 0xcc, 0x00, 0x00, 0xf3, 0x00, 0x00, 0x30, 0xcc, 0x00, 0x00, 0xf3, 0x00, 0x00, 0x00, 0xcc, 0x00, 0x00, 0x00 },
	{ 0x0f, 0x7f, 0xff, 0xfe, 0x0f, 0x3f, 0xff, 0xfe, 0x0f, 0x3f, 0xff, 0xff, 0x0f, 0x1f, 0xff, 0xff, 0x0f, 0x1f, 0xff, 0xff, 0x0f, 0x1f, 0xff, 0xff, 0x0f, 0x0f, 0xff, 0xff, 0x0f, 0x0f, 0xff, 0xff },
	{ 0xf1, 0x2f, 0xdf, 0xfc, 0xf1, 0x2f, 0x6f, 0x7c, 0xf0, 0x9f, 0x8f, 0xf8, 0xf0, 0x8f, 0x8f, 0xf8, 0xf0, 0xef, 0xbf, 0xf8, 0xf0, 0xbf, 0xef, 0xf8, 0xf0, 0xaf, 0xaf, 0xf8, 0xf0, 0xaf, 0xaf, 0xf8 },
	{ 0xf0, 0xaf, 0xaf, 0xf8, 0xf0, 0xaf, 0xaf, 0xf8, 0xf0, 0xaf, 0xaf, 0xf8, 0xf0, 0xaf, 0xaf, 0xf8, 0xf0, 0xaf, 0xaf, 0xf8, 0xf0, 0xaf, 0xaf, 0xf8, 0xf0, 0xaf, 0xaf, 0xf8, 0xf0, 0xaf, 0xaf, 0xf8 },
	{ 0xc7, 0x0f, 0x1f, 0xff, 0xc7, 0x0f, 0x3f, 0xff, 0x8f, 0x0f, 0x3f, 0xff, 0x8f, 0x0f, 0x7f, 0xff, 0x8f, 0x0f, 0x7f, 0xff, 0x8f, 0x0f, 0x7f, 0xff, 0x8f, 0x0f, 0xff, 0xff, 0x8f, 0x0f, 0xff, 0xff },
	{ 0xfc, 0xf0, 0xfc, 0xf8, 0x73, 0xf0, 0xfb, 0xf8, 0xd0, 0xfc, 0xf8, 0xfc, 0x70, 0xf3, 0xe8, 0xf3, 0xd0, 0xf0, 0xfc, 0xb0, 0x70, 0x70, 0xfb, 0xf0, 0xd0, 0xf0, 0xd8, 0xfc, 0x70, 0x70, 0xf8, 0x73 },
	{ 0xcc, 0x00, 0x00, 0xf3, 0x33, 0x88, 0xb8, 0xff, 0x00, 0xfc, 0xf3, 0x00, 0x00, 0x33, 0xcc, 0x00, 0x00, 0x33, 0xcc, 0x00, 0x00, 0xfc, 0xf3, 0x88, 0x33, 0xf0, 0xf0, 0xcc, 0xfc, 0xf0, 0xf0, 0xf3 },
	{ 0xfc, 0xf0, 0xfc, 0xfb, 0x3f, 0xf0, 0xfb, 0xcc, 0x0f, 0xfc, 0xfb, 0x00, 0x0f, 0x3f, 0xcc, 0x00, 0x0f, 0x0f, 0xcc, 0x00, 0x0f, 0x0f, 0xff, 0x00, 0x0f, 0x0f, 0xff, 0xcc, 0x0f, 0x0f, 0xff, 0xff },
	{ 0xfc, 0xf0, 0xf0, 0xf3, 0x33, 0xf0, 0xf0, 0xcc, 0x00, 0xfc, 0xf3, 0x00, 0x00, 0x33, 0xcc, 0x00, 0x00, 0x00, 0xcc, 0x00, 0x00, 0x00, 0x33, 0x00, 0x00, 0x00, 0x00, 0xcc, 0x00, 0x00, 0x00, 0x33 },
	{ 0xfc, 0xf0, 0xf0, 0xf3, 0x33, 0xf0, 0xf0, 0xcc, 0x00, 0xfc, 0xf3, 0x00, 0x00, 0x33, 0xcc, 0x00, 0x00, 0x33, 0x00, 0x00, 0x00, 0xcc, 0x00, 0x00, 0x33, 0x00, 0x00, 0x00, 0xcc, 0x00, 0x00, 0x00 },
	{ 0xfe, 0xfc, 0xff, 0xfc, 0xfe, 0xf2, 0xff, 0xf3, 0xfc, 0xfe, 0xfc, 0xff, 0xf3, 0x76, 0xf3, 0xff, 0xdd, 0xfc, 0xf7, 0xee, 0x77, 0xf0, 0xff, 0xbb, 0xfc, 0xfe, 0xee, 0xee, 0xf3, 0xfe, 0xff, 0xbb },
	{ 0x8f, 0x4f, 0x0f, 0x0f, 0x8f, 0xcf, 0x0f, 0x0f, 0x9f, 0x2f, 0x0f, 0x0f, 0xe7, 0x1f, 0x0f, 0x0f, 0xaf, 0x0f, 0x8f, 0x0f, 0xcf, 0x0f, 0x4f, 0x0f, 0xcf, 0x0f, 0x2f, 0x0f, 0xcf, 0x0f, 0x1f, 0x3f },
	{ 0xcc, 0x00, 0x00, 0x33, 0x33, 0x00, 0x00, 0xdc, 0x00, 0xcc, 0x33, 0xa0, 0x00, 0x33, 0xcc, 0x50, 0x00, 0x33, 0x62, 0xb3, 0x00, 0xcc, 0xa0, 0xfc, 0x33, 0x20, 0x73, 0xe0, 0xdc, 0x50, 0xfc, 0x10 },
	{ 0xcc, 0x00, 0x00, 0x33, 0x73, 0x00, 0x00, 0xcc, 0xb3, 0xcc, 0x33, 0x00, 0xcc, 0x73, 0xcc, 0x00, 0x20, 0xb3, 0xcc, 0x00, 0xd8, 0xcc, 0xb3, 0x00, 0xb3, 0x20, 0x73, 0xcc, 0xdc, 0x50, 0xdc, 0x33 },
	{ 0xff, 0xf3, 0x0f, 0x3e, 0xf3, 0xf0, 0xcf, 0x3e, 0xf0, 0xfc, 0xf3, 0x3e, 0xf0, 0xfb, 0xf0, 0xff, 0xfc, 0xf8, 0xfc, 0xf2, 0xfb, 0xe8, 0xf3, 0xf2, 0xf8, 0xfc, 0xb0, 0xfe, 0xf8, 0xf3, 0xf0, 0xfb },
	{ 0xe3, 0xe3, 0x7c, 0xf3, 0xe3, 0xe3, 0xef, 0xfc, 0xe3, 0xe3, 0xf3, 0xf3, 0x4f, 0xe3, 0xfc, 0xf0, 0xc7, 0xf3, 0xf0, 0xe3, 0xf7, 0xfc, 0xf0, 0xf7, 0xff, 0xf0, 0xe3, 0xf4, 0xfc, 0xf0, 0x7f, 0xf4 },
	{ 0x88, 0x00, 0x00, 0xf3, 0xcc, 0x88, 0xb8, 0xff, 0x33, 0x70, 0xf3, 0x00, 0x00, 0xff, 0xcc, 0x00, 0x00, 0xf3, 0x00, 0x00, 0x30, 0xcc, 0x88, 0x88, 0xf3, 0x00, 0x00, 0x00, 0xcc, 0x22, 0x22, 0x30 },
	{ 0xf0, 0xf2, 0xf4, 0xf4, 0xf0, 0xf7, 0xf4, 0x7c, 0xe3, 0xfc, 0xf4, 0xf4, 0x7f, 0x7c, 0xf4, 0xf6, 0x7c, 0x7c, 0xfc, 0xf2, 0x7c, 0x7c, 0x3f, 0xfe, 0x7c, 0x7c, 0x3e, 0xf3, 0x7c, 0x2f, 0xf2, 0xf1 },
	{ 0xff, 0xf3, 0x0f, 0x3e, 0x73, 0xf0, 0xcf, 0x3e, 0xb3, 0xfc, 0xf3, 0x3e, 0xcc, 0x73, 0xf0, 0xff, 0x20, 0xb3, 0xfc, 0xf2, 0xd8, 0xcc, 0xb3, 0xf2, 0xb3, 0x20, 0x73, 0xfe, 0xdc, 0x50, 0xdc, 0x33 },
	{ 0xfc, 0xf0, 0xe6, 0xf2, 0xff, 0xf0, 0xf4, 0xc7, 0xee, 0xfc, 0xf0, 0xc7, 0xbb, 0xbb, 0xf0, 0xf4, 0xee, 0xfc, 0xfc, 0xf0, 0xbb, 0xc3, 0x3f, 0xf0, 0xfc, 0x0f, 0x0f, 0xfc, 0xc3, 0x0f, 0x0f, 0x3f },
	{ 0xe2, 0xe2, 0x74, 0xf0, 0xf3, 0xe2, 0xee, 0xf0, 0xe2, 0xe2, 0xf3, 0x74, 0x44, 0xf3, 0xe2, 0xee, 0xc4, 0xf3, 0xe2, 0xe2, 0xf7, 0xcc, 0xf3, 0xe2, 0xfc, 0xc4, 0xe2, 0xe2, 0xf0, 0xf4, 0x44, 0xf3 },
	{ 0xfc, 0xf0, 0xc4, 0xf3, 0x33, 0xf0, 0xf4, 0xcc, 0x00, 0xfc, 0xf0, 0xc4, 0x00, 0x33, 0xf0, 0xf4, 0x00, 0x33, 0xfc, 0xf0, 0x00, 0xcc, 0x33, 0xf0, 0x33, 0x00, 0x00, 0xfc, 0xcc, 0x00, 0x00, 0x33 },
	{ 0xcc, 0x11, 0xfc, 0xf8, 0xf3, 0x11, 0xfb, 0xf8, 0xf0, 0xdd, 0xf8, 0xfc, 0xf0, 0xfb, 0xe8, 0xf3, 0xfc, 0xf8, 0xfc, 0xb0, 0xfb, 0xe8, 0xf3, 0xe0, 0xf8, 0xfc, 0xb0, 0xfc, 0xf8, 0xf3, 0xf0, 0xfb },
	{ 0xcc, 0xf3, 0xff, 0xfc, 0xf3, 0xff, 0xff, 0xc0, 0xf0, 0xff, 0xfc, 0x00, 0xf0, 0xfb, 0xc0, 0x00, 0xfc, 0xf8, 0xcc, 0x00, 0xfb, 0xe8, 0xf3, 0x00, 0xf8, 0xfc, 0xb0, 0xcc, 0xf8, 0xf3, 0xf0, 0xfb },
	{ 0xcc, 0x00, 0x00, 0x33, 0xff, 0x00, 0x00, 0xcc, 0xf3, 0xcc, 0x33, 0x00, 0xf0, 0xff, 0xcc, 0x00, 0xf0, 0xf3, 0xcc, 0x00, 0xf0, 0xf0, 0xff, 0x00, 0xfc, 0xf0, 0xf3, 0xcc, 0x33, 0xf0, 0xf0, 0xff },
	{ 0xff, 0xfe, 0xff, 0xff, 0xff, 0xba, 0xff, 0xff, 0xee, 0xfe, 0xf7, 0xff, 0xbb, 0xb8, 0xf4, 0xff, 0xee, 0xfc, 0x7c, 0xf3, 0xbb, 0xc3, 0x7c, 0xf0, 0xfc, 0x0f, 0x7c, 0xf0, 0xc3, 0x0f, 0x7c, 0xf0 },
	{ 0xfc, 0xf0, 0xf7, 0xf2, 0x33, 0xf0, 0xf4, 0xc7, 0xf3, 0xfc, 0xf0, 0xc7, 0xf7, 0xff, 0xf0, 0xf4, 0xf7, 0xfc, 0xfc, 0xf0, 0xf7, 0xc3, 0x3f, 0xf0, 0xf4, 0x0f, 0x0f, 0xfc, 0xc3, 0x0f, 0x0f, 0x3f },
	{ 0xfc, 0xf0, 0xf4, 0xf3, 0x33, 0xf0, 0xf4, 0xcc, 0x00, 0xfc, 0xf0, 0xc4, 0x00, 0x33, 0xf0, 0xf4, 0x00, 0x33, 0xfc, 0xf0, 0x00, 0xfc, 0xf3, 0xf0, 0x33, 0xf0, 0xf0, 0xfc, 0xfc, 0xf0, 0xf0, 0xf3 },
	{ 0xfc, 0x3e, 0xf0, 0xf3, 0x33, 0xf2, 0xf0, 0xcf, 0x32, 0xf0, 0xf3, 0x0f, 0xf2, 0xf0, 0xcf, 0x0f, 0xf0, 0xf3, 0xcf, 0x0f, 0xf0, 0xfc, 0xf3, 0x0f, 0xf3, 0xf0, 0xf0, 0xcf, 0xfc, 0xf0, 0xf0, 0xf3 },
	{ 0xfc, 0xe3, 0x7c, 0x7c, 0xf3, 0x7f, 0x7c, 0x7c, 0xfc, 0xfc, 0x7c, 0x7c, 0xf0, 0xf3, 0x7c, 0x2f, 0x74, 0xf0, 0xfc, 0x3e, 0xfe, 0xf0, 0xf3, 0xfe, 0xf2, 0x74, 0xf0, 0xff, 0xf2, 0xee, 0xf0, 0xf3 },
	{ 0xfc, 0x32, 0xf0, 0xf3, 0x33, 0xf2, 0xf0, 0xcc, 0x32, 0xf0, 0xf3, 0x00, 0xf2, 0xf0, 0xcc, 0x00, 0xf0, 0xf3, 0xcc, 0x00, 0xf0, 0xcc, 0x33, 0x00, 0xf3, 0x00, 0x00, 0xcc, 0xcc, 0x00, 0x00, 0x33 },
	{ 0xf0, 0xf2, 0xf4, 0xf4, 0xf0, 0xf7, 0xf4, 0x7c, 0xe2, 0xfc, 0xf4, 0xf4, 0x77, 0x74, 0xf4, 0xf6, 0x74, 0x74, 0xfc, 0xf2, 0x74, 0xfc, 0x33, 0xfe, 0x74, 0x74, 0x32, 0xf3, 0xfc, 0x22, 0xf2, 0xf1 },
	{ 0xcf, 0x1f, 0xfc, 0xf8, 0xf3, 0x1f, 0xfb, 0xf8, 0xf0, 0xdf, 0xf8, 0xfc, 0xf0, 0xfb, 0xe8, 0xf3, 0xfc, 0xf8, 0xfc, 0xb0, 0xfb, 0xe8, 0xf3, 0xe0, 0xf8, 0xfc, 0xb0, 0xfc, 0xf8, 0xf3, 0xf0, 0xfb },
	{ 0xcc, 0x00, 0x00, 0x33, 0xf3, 0x00, 0x00, 0xcc, 0xf0, 0xcc, 0x33, 0x00, 0xfc, 0xfb, 0xcc, 0x00, 0x33, 0xfb, 0xcc, 0x00, 0x00, 0xcc, 0x33, 0x00, 0x33, 0x00, 0x00, 0xcc, 0xcc, 0x00, 0x00, 0x33 },
	{ 0xff, 0xfe, 0xee, 0xfc, 0xff, 0xba, 0xff, 0xf3, 0xee, 0xfe, 0xf4, 0xff, 0xbb, 0xb8, 0xf2, 0xff, 0xee, 0xfc, 0xfe, 0xfc, 0xbb, 0xf3, 0x76, 0xf2, 0xfc, 0xdd, 0xfc, 0xfe, 0xf2, 0x77, 0xf3, 0xfe },
	{ 0xfc, 0xf0, 0xcc, 0x00, 0x33, 0xf0, 0xf3, 0x00, 0x00, 0xfc, 0xf0, 0xcc, 0x00, 0x33, 0xf0, 0xf3, 0x00, 0x33, 0xfc, 0xf1, 0x00, 0xcc, 0x33, 0xf1, 0x33, 0x00, 0x00, 0xfd, 0xcc, 0x00, 0x00, 0x33 },
	{ 0xff, 0xcc, 0xcc, 0x33, 0xff, 0x00, 0x33, 0xcc, 0xcc, 0x00, 0x00, 0xcc, 0x00, 0x00, 0x00, 0x33, 0x00, 0x00, 0x00, 0x33, 0x00, 0x00, 0x00, 0xff, 0x00, 0x00, 0x33, 0xff, 0x00, 0x00, 0xff, 0xff },
	{ 0xee, 0xfe, 0xee, 0xfc, 0x73, 0xba, 0xff, 0xf1, 0xd0, 0xfe, 0xf4, 0xff, 0x70, 0xf3, 0xf3, 0xff, 0xd0, 0xf0, 0xff, 0xdd, 0x70, 0x70, 0xfb, 0x77, 0xd0, 0xf0, 0xd8, 0xdd, 0x70, 0x70, 0xf8, 0x73 },
	{ 0xf7, 0xee, 0xee, 0xfc, 0xf7, 0xbb, 0xbb, 0xf3, 0xe6, 0xee, 0xfc, 0xff, 0xf7, 0xbb, 0xf3, 0xff, 0xe6, 0xfc, 0xf7, 0xee, 0xf7, 0xf0, 0xff, 0xbb, 0xf0, 0xfe, 0xee, 0xee, 0xf3, 0xfe, 0xff, 0xbb },
	{ 0xe3, 0xe3, 0x7c, 0xf0, 0xe3, 0xe3, 0xef, 0xf0, 0xe3, 0xe3, 0xe3, 0xfc, 0x4f, 0xe3, 0xf3, 0xff, 0xc7, 0xe3, 0xf3, 0xe2, 0xf7, 0x7c, 0xf3, 0xf3, 0xfc, 0xf6, 0xe2, 0xe2, 0xf0, 0xf4, 0xff, 0xf3 },
	{ 0xee, 0xfe, 0xee, 0xfc, 0x33, 0xba, 0xff, 0xf1, 0x00, 0xfe, 0xf4, 0xff, 0x00, 0x33, 0xf3, 0xff, 0x00, 0x33, 0xff, 0xdd, 0x00, 0xcc, 0x33, 0x77, 0x33, 0x00, 0x00, 0xdd, 0xcc, 0x00, 0x00, 0x33 },
	{ 0xfc, 0xf0, 0xe6, 0xf2, 0x33, 0xf0, 0xf4, 0xf5, 0x00, 0xfc, 0xf0, 0xf7, 0x00, 0x33, 0xf0, 0xf4, 0x00, 0x33, 0xfc, 0xf0, 0x00, 0xcc, 0x33, 0xf0, 0x33, 0x00, 0x00, 0xfc, 0xcc, 0x00, 0x00, 0x33 },
	{ 0xcf, 0x0f, 0xfc, 0xfc, 0x33, 0x3f, 0xf0, 0xf3, 0x00, 0xfc, 0xf0, 0xff, 0x00, 0x33, 0xf3, 0xff, 0x00, 0x33, 0xff, 0xfc, 0x00, 0xfc, 0xf3, 0xf2, 0x33, 0xf0, 0xf0, 0xfe, 0xfc, 0xf0, 0xf0, 0xf3 },
	{ 0xfe, 0xfc, 0xff, 0xfc, 0x33, 0xf2, 0xff, 0xf3, 0x00, 0xfe, 0xfc, 0xff, 0x00, 0x33, 0xf2, 0xff, 0x00, 0x33, 0xfe, 0xfc, 0x00, 0xfc, 0xf3, 0xf2, 0x33, 0xf0, 0xf0, 0xfe, 0xfc, 0xf0, 0xf0, 0xf3 },
	{ 0xff, 0xf0, 0xff, 0xfc, 0xff, 0xf0, 0xff, 0xf2, 0xfc, 0xfc, 0xfc, 0xfe, 0xf3, 0xf3, 0xf2, 0xfe, 0xff, 0xf0, 0xfe, 0xfc, 0xff, 0xf0, 0xfe, 0xc3, 0xfc, 0xfc, 0xfc, 0x0f, 0xc3, 0x3f, 0xc3, 0x0f },
	{ 0xfc, 0xe2, 0x00, 0x33, 0x76, 0xcc, 0x00, 0xcc, 0x33, 0xcc, 0x33, 0x00, 0x00, 0x33, 0xcc, 0x00, 0x00, 0x33, 0xcc, 0x00, 0x00, 0xcc, 0x33, 0x00, 0x33, 0x00, 0x00, 0xcc, 0xcc, 0x00, 0x00, 0x33 },
	{ 0xfe, 0xfc, 0xff, 0xfc, 0xfe, 0xf2, 0xff, 0xc0, 0xfc, 0xfe, 0xfc, 0x00, 0xf3, 0x76, 0xc0, 0x00, 0xdd, 0xfc, 0xcc, 0x00, 0x77, 0xf0, 0xf3, 0x00, 0xfc, 0xf0, 0xf0, 0xcc, 0xf0, 0xf0, 0xf0, 0xf3 },
	{ 0xcc, 0x00, 0xfc, 0xf3, 0x33, 0x00, 0x33, 0xcc, 0x00, 0xcc, 0x00, 0xcc, 0x00, 0x33, 0x00, 0x33, 0x00, 0x30, 0x00, 0x30, 0x00, 0xf3, 0x00, 0xf2, 0x30, 0xff, 0x30, 0xfe, 0xf2, 0xff, 0xf3, 0xfe },
	{ 0xf2, 0xf2, 0xf4, 0xf0, 0xf3, 0xf2, 0xfe, 0xf0, 0xe2, 0xf2, 0xf3, 0x74, 0x44, 0xf3, 0xe2, 0xee, 0xc4, 0xf3, 0xe2, 0xe2, 0xf7, 0xfc, 0xf3, 0xe2, 0xfc, 0xf4, 0xf2, 0xe2, 0xf0, 0xf4, 0xf4, 0xf3 },
	{ 0xfc, 0xf0, 0xf4, 0xf3, 0x73, 0xf0, 0xf4, 0xcc, 0xd0, 0xfc, 0xf0, 0xc4, 0x70, 0xf3, 0xf0, 0xf4, 0xd0, 0xf0, 0xfc, 0xf0, 0x70, 0x70, 0xfb, 0xf0, 0xd0, 0xf0, 0xd8, 0xfc, 0x70, 0x70, 0xf8, 0x73 },
	{ 0xcc, 0x00, 0x00, 0x33, 0x33, 0x00, 0x00, 0xcc, 0x00, 0xcc, 0x33, 0x00, 0xcc, 0x33, 0xcc, 0x00, 0x33, 0x33, 0xcc, 0x00, 0x00, 0xcc, 0x33, 0x00, 0x33, 0x00, 0x00, 0xcc, 0xcc, 0x00, 0x00, 0x33 },
	{ 0xfc, 0xf0, 0xf8, 0x70, 0xf3, 0xf0, 0xd8, 0xd0, 0xf0, 0xfc, 0xf8, 0x70, 0xf0, 0xfb, 0xd8, 0xd0, 0xfc, 0xf8, 0xfc, 0x70, 0xfb, 0xe8, 0xf3, 0xf0, 0xf8, 0xfc, 0xb0, 0xfc, 0xf8, 0xf3, 0xf0, 0xfb },
	{ 0xff, 0xcf, 0x0f, 0x3f, 0xf3, 0xcf, 0x0f, 0xcc, 0xf3, 0xcf, 0x3f, 0x00, 0xf3, 0xcf, 0xcc, 0x00, 0xff, 0xff, 0xcc, 0x00, 0xfb, 0xfc, 0xf3, 0x00, 0xfb, 0xf0, 0xf0, 0xcc, 0xfc, 0xf0, 0xf0, 0xf3 },
	{ 0xff, 0xf3, 0x0f, 0x3f, 0xf4, 0xf0, 0xcf, 0xcc, 0xf7, 0xf0, 0xf3, 0x00, 0xf3, 0xfc, 0xcc, 0x00, 0xfc, 0xff, 0xcc, 0x00, 0xfb, 0xfc, 0xf3, 0x00, 0xfb, 0xf0, 0xf0, 0xcc, 0xfc, 0xf0, 0xf0, 0xf3 },
	{ 0xfc, 0xf0, 0xfc, 0xfb, 0xf3, 0xf0, 0xfb, 0xcc, 0xf0, 0xfc, 0xfb, 0x00, 0xf0, 0xfb, 0xcc, 0x00, 0xfc, 0xfb, 0xcc, 0x00, 0xfb, 0xfc, 0xf3, 0x00, 0xfb, 0xf0, 0xf0, 0xcc, 0xfc, 0xf0, 0xf0, 0xf3 },
	{ 0xf0, 0xe3, 0x7c, 0x7f, 0xf0, 0x7f, 0x7c, 0xdc, 0xe3, 0x7c, 0x7f, 0xa0, 0x7f, 0x7c, 0xcc, 0x50, 0x7c, 0x7f, 0x62, 0xb3, 0x7c, 0xcc, 0xa0, 0xfc, 0x7f, 0x20, 0x73, 0xe0, 0xdc, 0x50, 0xfc, 0x10 },
	{ 0xf0, 0xe3, 0x7c, 0x7f, 0xf0, 0x7f, 0x7c, 0xdc, 0xe3, 0x7c, 0x7f, 0xa0, 0x7f, 0x7c, 0xdc, 0x50, 0x7c, 0x7c, 0xe8, 0xb3, 0x7c, 0x7c, 0xdc, 0xdc, 0x7c, 0x7c, 0xff, 0xa0, 0x7c, 0x2f, 0xff, 0xdc },
	{ 0x7c, 0x3e, 0xff, 0xff, 0x2f, 0xf2, 0xf7, 0xff, 0x3e, 0xf0, 0xf7, 0xff, 0xf2, 0xf0, 0xfc, 0xff, 0xf0, 0xf3, 0xfc, 0xf3, 0xf0, 0xcc, 0x74, 0xf0, 0xf3, 0x00, 0x74, 0xf0, 0xcc, 0x00, 0x74, 0xf0 },
	{ 0xff, 0xcf, 0x0f, 0x3f, 0xf3, 0xcf, 0x0f, 0xcc, 0xf3, 0xcf, 0x3f, 0x00, 0xf3, 0xcf, 0xcc, 0x00, 0xff, 0xff, 0xcc, 0x00, 0xfb, 0xcc, 0x33, 0x00, 0xfb, 0x00, 0x00, 0xcc, 0xcc, 0x00, 0x00, 0x33 },
	{ 0xff, 0xcf, 0x0f, 0x3e, 0x33, 0xcf, 0x0f, 0x3e, 0x00, 0xcf, 0x0f, 0x3e, 0x00, 0x33, 0x0f, 0x3f, 0x00, 0x33, 0xcf, 0x3e, 0x00, 0xcc, 0x33, 0x3e, 0x33, 0x00, 0x00, 0xfe, 0xcc, 0x00, 0x00, 0x33 },
	{ 0xf0, 0xe3, 0x7c, 0x7c, 0xf0, 0xff, 0x7c, 0xfc, 0xf3, 0xfc, 0x7c, 0x74, 0xf7, 0xfc, 0xfc, 0x22, 0xfc, 0xfc, 0xfc, 0x32, 0xfc, 0xfc, 0x33, 0xfe, 0xfc, 0x74, 0x32, 0xf3, 0xfc, 0x22, 0xf2, 0xf1 },
	{ 0xfc, 0xf0, 0xfc, 0xf8, 0xf3, 0xfe, 0xfb, 0xf8, 0xf3, 0xdd, 0xf8, 0xfc, 0xf3, 0xff, 0xfe, 0xf3, 0xff, 0xff, 0xdd, 0xb0, 0xfb, 0xcc, 0x33, 0xf8, 0xfb, 0xcc, 0x00, 0xfc, 0xfb, 0xcc, 0x00, 0x77 },
	{ 0xf0, 0xe3, 0x7c, 0x7c, 0xf0, 0xff, 0x7c, 0x7c, 0xf3, 0xfc, 0x7c, 0x7c, 0xf7, 0xfc, 0x7c, 0x3f, 0xfc, 0xfc, 0x7c, 0x3e, 0xfc, 0xfc, 0x2f, 0xfe, 0xfc, 0xfc, 0x3e, 0xf3, 0xfc, 0xef, 0xf2, 0xf1 },
	{ 0xfc, 0xfe, 0xf0, 0xf3, 0xf3, 0xf2, 0xf0, 0xfe, 0xf2, 0xf0, 0xf3, 0x3e, 0xf2, 0xf0, 0xcf, 0x3f, 0xf0, 0xf3, 0x0f, 0x3e, 0xf0, 0xcf, 0x0f, 0x3e, 0xf3, 0xcf, 0x0f, 0x3e, 0xff, 0xcf, 0x0f, 0x3f },
	{ 0xfc, 0xf0, 0xc7, 0xf2, 0xf3, 0xf0, 0xf4, 0x7e, 0xf3, 0xfc, 0xf0, 0xf6, 0xf3, 0xff, 0xf0, 0xf4, 0xff, 0xcf, 0xfc, 0xf0, 0xfb, 0xcf, 0x3f, 0xf0, 0xfb, 0xcf, 0x0f, 0xfc, 0xfb, 0xcf, 0x0f, 0x3f },
	{ 0xcf, 0x0f, 0x0f, 0x0f, 0xf3, 0x0f, 0x0f, 0x3f, 0xf0, 0xcf, 0x0f, 0xff, 0xf0, 0xfb, 0x3f, 0xff, 0xfc, 0xf8, 0xf7, 0xee, 0xfb, 0xf8, 0xff, 0xbb, 0xf8, 0xfe, 0xee, 0xee, 0xfb, 0xfe, 0xff, 0xbb },
	{ 0xfc, 0xf0, 0xcc, 0x00, 0xf3, 0xf0, 0xf3, 0x00, 0xf0, 0xfc, 0xf0, 0xcc, 0xf0, 0xfb, 0xf0, 0xf3, 0xfc, 0xf8, 0xfc, 0xf1, 0xfb, 0xd8, 0xf3, 0xf1, 0xf8, 0xfc, 0x70, 0xfd, 0xf8, 0xf3, 0xd0, 0xfb },
	{ 0x0f, 0x0f, 0x0f, 0x3c, 0x0f, 0x0f, 0x0f, 0xf3, 0x0f, 0x0f, 0x3c, 0xff, 0x0f, 0x0f, 0xf2, 0xff, 0x0f, 0x3f, 0xfe, 0xcc, 0x0f, 0xcc, 0x33, 0x00, 0x3f, 0x00, 0x00, 0xcc, 0xcc, 0x00, 0x00, 0x33 },
	{ 0xfc, 0xf0, 0xfc, 0xf8, 0xf3, 0xf0, 0xfb, 0xf8, 0xf0, 0xfc, 0xf8, 0xfc, 0xf0, 0xfb, 0xe8, 0xf3, 0xfc, 0xf8, 0xfc, 0xb0, 0xfb, 0xe8, 0xf3, 0xf0, 0xf8, 0xfc, 0xb0, 0xfc, 0xf8, 0xf3, 0xf0, 0xfb },
	{ 0xfc, 0xf0, 0xfc, 0xf8, 0x3f, 0xf0, 0xfb, 0xf8, 0x0f, 0xfc, 0xf8, 0xfc, 0xcf, 0x3f, 0xec, 0xf3, 0x33, 0x3f, 0x33, 0xb3, 0x00, 0xcc, 0x00, 0xcc, 0x33, 0x00, 0x33, 0x00, 0xcc, 0x00, 0xcc, 0x00 },
	{ 0xfe, 0xfc, 0xff, 0xff, 0xfe, 0xf2, 0xff, 0xcc, 0xfc, 0xfe, 0xff, 0x00, 0xf3, 0x76, 0xcc, 0x00, 0xdd, 0xff, 0x00, 0x00, 0x77, 0xcc, 0x00, 0x00, 0xff, 0x00, 0x00, 0x00, 0xcc, 0x00, 0x00, 0x00 },
	{ 0xfc, 0xf0, 0xfc, 0xf8, 0x3f, 0xf0, 0xfb, 0xf8, 0x0f, 0xfc, 0xf8, 0xfc, 0x0f, 0x3f, 0xe8, 0xf3, 0x0f, 0x0f, 0xfc, 0xb3, 0x0f, 0x0f, 0x3f, 0xcc, 0x0f, 0x0f, 0x3f, 0x00, 0x0f, 0x0f, 0xcc, 0x00 },
	{ 0xfe, 0xfc, 0xff, 0xff, 0xfe, 0xf2, 0xff, 0xcc, 0xfc, 0xfe, 0xff, 0x00, 0xf3, 0x76, 0xcc, 0x00, 0xdd, 0xfc, 0xcc, 0x00, 0x77, 0xc3, 0xff, 0x00, 0xfc, 0x0f, 0xff, 0xcc, 0xc3, 0x0f, 0xff, 0xff },
	{ 0xcc, 0x00, 0x00, 0x33, 0x33, 0x00, 0x00, 0xcc, 0x00, 0xcc, 0x33, 0x00, 0x00, 0x33, 0xcc, 0x00, 0x00, 0x30, 0xcc, 0x00, 0x00, 0xf3, 0xff, 0x00, 0x30, 0xdd, 0xff, 0xcc, 0xf2, 0x77, 0xff, 0xff },
	{ 0xfc, 0xf8, 0x70, 0x73, 0xf3, 0xd0, 0xd0, 0xcc, 0xb0, 0xfc, 0x73, 0x00, 0xe0, 0xf3, 0xcc, 0x00, 0xb0, 0xb3, 0xcc, 0x00, 0xe0, 0xcc, 0x33, 0x00, 0xb3, 0x00, 0x00, 0xcc, 0xcc, 0x00, 0x00, 0x33 },
	{ 0x3f, 0x57, 0xff, 0x3f, 0xcc, 0x77, 0xcf, 0xfc, 0x00, 0xff, 0x3f, 0xf8, 0x33, 0xcf, 0xcf, 0xf8, 0xff, 0x3f, 0xbf, 0xf8, 0xcf, 0xff, 0xef, 0xf8, 0x3f, 0xaf, 0xaf, 0xf8, 0xfc, 0xaf, 0xaf, 0xf8 },
	{ 0xfc, 0xf0, 0xff, 0xf8, 0xfb, 0xf0, 0xff, 0xf8, 0xf8, 0xfc, 0xfc, 0xfc, 0xf8, 0xfb, 0xf3, 0xfb, 0xfc, 0xf8, 0xff, 0xf8, 0x33, 0xf8, 0xff, 0xf8, 0x33, 0xfc, 0xff, 0xfc, 0xcc, 0x33, 0xcc, 0x33 },
	{ 0xcf, 0x0f, 0xfc, 0xff, 0xcf, 0x3f, 0xf0, 0xff, 0xcf, 0xfc, 0xf3, 0xff, 0xf7, 0xf0, 0xff, 0xff, 0xfc, 0xf3, 0xf7, 0xee, 0xfc, 0xfc, 0xff, 0xbb, 0xff, 0xfe, 0xee, 0xee, 0xff, 0xfe, 0xff, 0xbb },
};
